channel,timestamp,samples...
ENZ,1780414909.3075936,0.008990744172413837,0.0011575653949374427,-0.011326070091261903,0.018533649681038777,-0.01742847934705363,0.01626628900065845,-0.010068763356664524,0.004024645605632694,0.008133250458024592,-0.013614473562183801,0.021158737800560434,-0.01999043909496147,0.019091283630276006,-0.010942039163959947,-1.0309479880048128e-05,0.007402013486857533,-0.016592028423200508,0.022300309187200967,-0.01802819887736855,0.012404936937075534,-0.008032873372192448,3.7036798833035815e-05,0.0063446132623614995,-0.017060230512652406,0.02166376477344919
ENN,1780414909.3075936,-0.00433565894633667,-0.0028889670969032863,-0.02441574181647149,-0.013242020041212553,-0.03291176849587118,-0.02824552969424477,-0.03083379293032141,-0.03526330033840417,-0.025641484365264682,-0.04052399797270738,-0.01796612651681466,-0.029076719920465222,-0.008139143335938437,0.001840400076336935,0.00550710632744573,0.023104139914189976,0.013282417430946422,0.030784758460272666,0.013235071152236062,0.019847768078554654,0.01163055837377358,-0.0006058243236140588,0.005007340052186925,-0.025178542973445454,-0.013547140503999962
ENE,1780414909.3075936,-0.014761288835868679,-0.016134330918422906,-0.011283967699595889,-0.013482939310735177,-0.0033192714812591917,-0.008706225858787315,0.0024832780093750747,0.0020308580128266312,-0.004602881704030809,-0.0041662438003830975,-0.007980249585252926,-0.00700175982527144,-0.014577164418668067,-0.01822808857687613,-0.023446700630104372,-0.030506556855338738,-0.030517078250606802,-0.03444155868579809,-0.031127319176187062,-0.03007517964932642,-0.023883338533752085,-0.02469348596943369,-0.018990889733850096,-0.013851188145136402,-0.011594348860018689
ENZ,1780414909.557653,-0.01967479723690328,0.019086022932640615,-0.009505868709797347,-0.0021514134170381896,0.012589061354276147,-0.01567666703483284,0.021842628493019853,-0.021005753738379814,0.016208421326680024,-0.005686602227292126,-0.003119381781748892,0.01237337275127407,-0.022226235589540337,0.02417837824264939,-0.01780724957672564,0.012473326006324743,-0.002167195509944365,-0.005465652926649214,0.01268375391169687,-0.019306548402502056,0.019333275721455042,-0.019595886772388733,0.012068252288481218,-0.006260018269430088,-0.0046502447933322155
ENN,1780414909.557653,-0.03367456965284514,-0.026835662728250966,-0.029423925964327604,-0.030860096418492924,-0.009428014256342723,-0.018544803256588013,0.007132661896444334,-0.0038306319734424726,0.008100630261157758,0.00967357885381333,-0.003883238949785505,0.00906859862586846,-0.015467295140520634,-0.0012371080397304442,-0.02382128298379468,-0.02195373532361704,-0.021432926257822112,-0.0307443610705388,-0.01457823724032448,-0.03111260990494002,-0.009748916812033586,-0.015530423512134451,-0.007244824738106891,-0.003272998024207965,-0.0030993950022754147
ENE,1780414909.557653,-0.0036769989203923542,-0.0016674124240890716,-0.005897013322067766,-0.007254273311718539,-0.011231360723252856,-0.013956402097822465,-0.019995682982000378,-0.021537067388851763,-0.025556240381461048,-0.023941206207727786,-0.02374656039525911,-0.022378779010340275,-0.01376175628535107,-0.016255326964012426,-0.011068279096588368,-0.010279174451442887,-0.008964000042867083,-0.0075488723792406075,-0.006486211457111903,-0.007196405637742837,-0.010584294914233017,-0.012294021645381561,-0.016781396727442745,-0.017691497418177746,-0.021900055525620316
ENZ,1780414909.851676,-0.018485879571549665,0.018007579917608454,-0.02049020537022028,0.014372437852309291,-0.013014754031874324,0.001325907719237323,0.005555508617216017,-0.01920659514745138,0.02066949292056697,-0.020937364669136052,0.016576670161081247,-0.008306429649172949,0.0005210209811856651,0.012331287170196378,-0.020095653047647537,0.02275798988138752,-0.023057425815758068,0.019633135486612503,-0.006938648264254113,-0.0034508057327132607,0.01076885997281159,-0.01858057212897039,0.01893346270124691,-0.01990100723517614,0.017192171784291457
ENN,1780414909.851676,-0.0058191756792096315,0.012766869062784163,-0.001947302220361378,-0.0053772770779292505,-0.008228575195721047,-0.016214314204593867,-0.007918194035295525,-0.03604188358828159,-0.017797784192517502,-0.03370613383865205,-0.028387568530370413,-0.0296764394507747,-0.033553573607255624,-0.01827124697960479,-0.03836711194264306,-0.01500435374870413,-0.024563041350232524,-0.004393526620312372,-0.0034466010461377938,-0.00015866502469828565,0.023309307121926713,0.004291885173920599,0.02659724314336622,0.016491442987871384,0.02234659945484868
ENE,1780414909.851676,-0.02665572618702933,-0.026166481307038587,-0.016839264401418447,-0.021631759946269764,-0.015939685105954234,-0.011667998626900569,-0.012046768856569854,-0.009042910507381631,-0.007233230521182415,-0.005055301700579252,-0.008979782135770538,-0.0033560963647014915,-0.003897948221032545,-0.005139472862729192,-0.004876437981014031,-0.011478613512064563,-0.008274848652774995,-0.014492993256520849,-0.01879098322374603,-0.022820677611623378,-0.026755679442080006,-0.031690213823056965,-0.03445208008106615,-0.02850749175430352,-0.031269358012312704
ENZ,1780414910.1017442,-0.00996354940397846,-0.0020935457430597652,0.016140032257430815,-0.019227637937987506,0.02131655872958953,-0.01928024491433054,0.016813401554624893,-0.004040003867751954,-0.005071100604076472,0.0117683925233292,-0.022557659540499264,0.02070631780400927,-0.015145336573767125,0.014051535296615706,-0.007738274304670379,-0.004171521308609535,0.01428826669015935,-0.018259669573276804,0.019470053859948013,-0.022468227680719374,0.010926680901840687,-0.004308299447102507,-0.0021777169052097055,0.014193574132738626,-0.018696307476921793
ENN,1780414910.1017442,0.017643535769782698,0.006864366317096503,0.018164344835577627,-0.01677720885146377,-0.004935378476646147,-0.01965481045742708,-0.022400894622532815,-0.02823500829897671,-0.04182339028837973,-0.023142652988970655,-0.04314908609222632,-0.02230620206511481,-0.03027089828345151,-0.021248801840621497,-0.014909661191286127,-0.015162174677733226,0.010383773034444264,-0.002362897333472965,0.01931117691985627,0.0072431365467657905,0.017848702977519434,0.019358523198566634,0.006832802131289595,0.013724316032226803,-0.009896216345794621
ENE,1780414910.1017442,-0.03135878987209532,-0.026534730141439814,-0.019837862052971278,-0.018601598108910024,-0.018570033923105838,-0.009063953297920478,-0.006075877041635708,-0.00042588778239242457,-0.0017200194004321036,-0.001462245216352335,-0.005244686815415256,-0.007359487264404604,-0.0015937626572099153,-0.006670335874312516,-0.012315064435917684,-0.015650346736067557,-0.021894794827984926,-0.02408324504385615,-0.029359724771060094,-0.027649998039911552,-0.027581608970667786,-0.02733961687948875,-0.02938602825923161,-0.026976628742722917,-0.01931179228954096
ENZ,1780414910.3879886,0.017302646434612913,-0.015176900759574032,0.008701405802527162,0.005771197220223538,-0.01421945379012867,0.021674286168719973,-0.021216181643751945,0.018665167121896357,-0.010126631030642949,0.00448232629981925,0.007291538836536078,-0.01348295612132622,0.022910550112781227,-0.023557192091016872,0.015787565515935766,-0.012393991711028722,0.004503369090355374,0.004708536298092111,-0.012278256363071874,0.020885181523574492,-0.019243420030888237,0.018649385028995626,-0.010068763356664524,0.005676504662802813,0.007901779762116338
ENN,1780414910.3879886,-0.02603603668783742,-0.029702742938946217,-0.026262246686113006,-0.021974778114155886,-0.03353779151435217,-0.008922987283448527,-0.023111088803163746,-0.005272063125243186,-0.004404048015583156,-0.0034518617437731855,0.013671709055883772,0.0030871854156662524,0.02350921363203078,0.005154639585947959,0.01279843324858835,0.002203388213102768,-0.0060296035845817594,0.0014984547301072264,-0.020543868357623236,-0.008312746357868266,-0.026562106451267744,-0.024399959723568034,-0.029702742938946217,-0.030260376888183445,-0.01588815095126489
ENE,1780414910.3879886,-0.0072963588927935094,-0.0065651219216264515,-0.003619131246416652,-0.005092126584021551,-0.009048171205017023,-0.008874568183084472,-0.01258862071290363,-0.01668144347238935,-0.015345226273277425,-0.01896984694331125,-0.024419929692450465,-0.023015323424092054,-0.029265032213644813,-0.027486916413249785,-0.027592130365935847,-0.022641813892055437,-0.018212306483972675,-0.01880150461901409,-0.014419343489638971,-0.012841134199348007,-0.002993108227932937,-0.006985977732370708,-0.006770289129363188,-0.006354694016254323,-0.010184481894024884
ENZ,1780414910.637972,-0.01682349911910876,0.020885181523574492,-0.018796260731972467,0.017765587826434864,-0.01034231963365047,0.003472272354030856,0.003745828631016801,-0.015618799360854413,0.02140599058936942,-0.019548540493681092,0.013956842739194982,-0.009363829873668983,0.0018046312039545602,0.007628223485130394,-0.014272060766471703,0.021768978726135254,-0.023346764185644745,0.01626628900065845,-0.011289245207825047,-0.00019969459471060876,0.008717187895433336,-0.016802456328572638,0.0233208845282547,-0.019559061888946433,0.018354785961473555
ENN,1780414910.637972,-0.025657266458168137,-0.0007478631597424229,-0.012258269583595676,0.0051756823764840835,0.001840400076336935,-0.0039253245308604745,0.003576430295656995,-0.016503652574480544,0.0016667970544043849,-0.01414159933667677,-0.00203673408014671,-0.0030257452353935365,-0.007886629849491338,0.0029188430913690937,-0.019339168599368888,0.0008408675258193247,-0.017724134425638347,-0.007013354042195916,-0.010311811458903487,-0.016256399785666117,-0.005187891963093246,-0.02330047391799975,-0.00594017172479915,-0.022358809041457844,-0.01449406607817454
ENE,1780414910.637972,-0.012230893273770468,-0.014629771395011098,-0.01410896232921617,-0.0182701741579511,-0.021368725064554603,-0.01958008786889151,-0.022331432731632635,-0.019811558564799762,-0.015781864176925137,-0.013882752330940587,-0.02044810297855154,-0.020563838326505667,-0.019243403220297193,-0.020521752745430697,-0.014577164418668067,-0.014335172327491753,-0.014229958374805687,-0.015850253246171623,-0.014293086746416783,-0.014408822094370909,-0.015639825340799492,-0.014187872793730717,-0.009258599110389152,-0.008074942142670929,-0.012404496295703017
ENZ,1780414910.9469028,0.02084835664013219,-0.014587702624529896,0.0077334374378164586,0.0035774863067169205,-0.010610615213001022,0.021153477102925044,-0.02190007233621136,0.02141125128700481,-0.016139608426649344,0.009895584165516167,0.000505238888284933,-0.010079284751935308,0.018701992005338657,-0.021258267224829635,0.01814961875373682,-0.013493477516597005,0.010511085788726377,0.002967245381136659,-0.011483891020291,0.017991797824707723,-0.02171594791901075,0.022026752910220465,-0.01525581122408858,0.008369981851568236,0.004629625833577563
ENN,1780414910.9469028,0.005570234699056824,-0.0021472087304654445,-0.001558010595424029,0.003865768665543672,-0.009906737741062684,0.006753891666775047,-0.017803044890152893,-0.0045460868517087985,-0.01600388629922174,-0.017213846755111478,-0.010890488198676839,-0.027319646910606316,-0.007823501477880244,-0.028424393413809992,-0.020722732077191178,-0.025315321111938426,-0.019975713013120667,-0.008838816121298587,-0.013631311666149903,0.012219756508814997,-0.005287845218143918,0.009347415600487075,0.0019035284479480294,0.0011828128720490336,0.004712740984664857
ENE,1780414910.9469028,-0.023515089699350858,-0.020769005534245124,-0.020037768563075344,-0.022547121334637436,-0.018675247875791903,-0.01749685160570635,-0.015708214410043258,-0.018075528345479704,-0.011731126998511662,-0.012157243506888588,-0.013488200008367847,-0.012241414669038529,-0.012146722111620527,-0.012572838620000176,-0.013009476523647886,-0.007533090286337154,-0.007022802615810286,-0.013098908383430497,-0.01740215904829107,-0.022589206915712406,-0.024020116672242332,-0.022042094361745958,-0.019585348566526904,-0.016292151847452002,-0.017854579044839513
ENZ,1780414911.1969507,-0.013219921239611061,0.02001716641391446,-0.01754947539264587,0.01888085572490388,-0.012267734967806533,0.010279615092818125,0.0028830742189867187,-0.010726350560952426,0.016729230392474953,-0.02103205722655133,0.01974887083456391,-0.010842085908909274,0.005829064894196518,0.004261376999176338,-0.0162500830769708,0.01974887083456391,-0.020079870954746806,0.020595843153687815,-0.012546551942422426,0.004708536298092111,0.006155228147525495,-0.011415501951047236,0.01836004665910895,-0.020684851182691675,0.02031176548143653
ENN,1780414911.1969507,-0.01527264932805196,0.002103434958052096,-0.016198532111690415,-0.007176435668860405,-0.012042580980590877,-0.009349103791828175,-0.003793807090002894,-0.014209988405923255,0.005280896329170148,-0.012700168184878778,-0.000758384555010485,-0.010359157737613848,-0.010422286109224943,-0.002341854542934119,-0.02433157065432155,-0.005040592429332211,-0.02330573461563242,-0.01513587118956171,-0.021759089511148366,-0.0222167702053322,-0.010054037274823718,-0.02459460553603671,6.228427594190491e-05,-0.013057895624011941,-0.0009477696698437676
ENE,1780414911.1969507,-0.02175275599185928,-0.019338095777712474,-0.016392105102502674,-0.01823860997214419,-0.013793320471157977,-0.012315064435917684,-0.017859839742474903,-0.021305596692943508,-0.02036919251403699,-0.018506905551494743,-0.018243870669779585,-0.018459559272784382,-0.015871296036707744,-0.01597650998939381,-0.016365801614331158,-0.013809102564061431,-0.007932903306545287,-0.010794722819605146,-0.010389649101764343,-0.01073685514562672,-0.013572371170517787,-0.017181209747648158,-0.014913849067265105,-0.01659201161260674,-0.021289814600040056
ENZ,1780414911.4707313,0.019990862925742946,-0.015908137730741092,0.011626353687200835,-0.003708579916793029,-0.005313092695255509,0.012967831583948155,-0.01929602700723127,0.023157802901595657,-0.018343840735426744,0.015466662960242182,-0.0033981987563702284,-0.005570866879335278,0.013867410879415093,-0.01914872747347296,0.024115249871035575,-0.01636581842492765,0.015030025056597193,-0.0023671020200457097,-0.006654570592002828,0.018696731307703263,-0.01958536537711795,0.020096076878429008,-0.01898564584680847,0.013178259489320283,-0.0030562534101405197
ENN,1780414911.4707313,0.006696023992796623,-0.009107111700649139,-0.0038358926710778643,-0.006608280324355113,-0.017134936290596932,0.002219170306006222,-0.015425209559448386,0.003497519831142447,-0.007839283570780977,-0.003083612909371961,-0.002373418728741027,-0.013294627017555585,0.0001780196238960312,-0.019291822320661248,-0.007013354042195916,-0.021375058583843688,-0.015588291186110152,-0.013768089804642874,-0.022884878804888164,-0.002468111286159029,-0.02108572021395701,-0.0002270540939447718,-0.011348168892863397,-0.0026259322151881257,0.0031713565778134704
ENE,1780414911.4707313,-0.021337160878747694,-0.017702018813445807,-0.017244338119261973,-0.01462451069737843,-0.01432465093222369,-0.016428929985944977,-0.01589233882724387,-0.019385442056422838,-0.017733582999249993,-0.018080789043115095,-0.01731272718850574,-0.01610802743025139,-0.0173600734672161,-0.012136200716352465,-0.013340900474606811,-0.009837275850162506,-0.01206781164710598,-0.012315064435917684,-0.014187872793730717,-0.016691964867660135,-0.01598703138466187,-0.015634564643164102,-0.016728789751099715,-0.017638890441834715,-0.020206110887372505
ENZ,1780414911.7208016,-0.008190694301221544,0.017271082248806007,-0.017433740044689023,0.02053797547970939,-0.014729741460658259,0.013557029718992293,0.000505238888284933,-0.007401589656076062,0.01756042061869268,-0.01797559190102552,0.02391534336093423,-0.01993257142098305,0.01381480390307206,-0.00076258924158323,-0.00475545874601828,0.015850693887544138,-0.018233366085105288,0.01993299525176452,-0.02037447002226343,0.013272952046735564,-0.0010782310996414227,-0.008080219650900087,0.015777044120664982,-0.02203158977706894,0.02152698663496166
ENN,1780414911.7208016,-0.005877043353188055,0.007658731659874655,-0.011327126102324551,0.004744305170471764,-0.009143936584088717,-0.008228575195721047,-0.0067661012533842095,-0.023453034149393457,-0.006208467304146981,-0.028350743646930836,-0.009175500769895626,-0.023410948568318487,-0.01496752886526183,-0.006166381723074732,-0.015477816535791418,0.00454965935800309,-0.013815436083350514,0.0033239168092098967,-0.006508327069304441,-0.00033226804663083606,0.005833269580771985,-0.00863364891356185,0.007301004220741493,-0.013978517710015003,0.006948537479243721
ENE,1780414911.7208016,-0.022862763192695628,-0.022783852728181078,-0.021163557856817866,-0.020853176696392344,-0.016181677197130546,-0.017218034631090458,-0.013498721403635908,-0.01488754557909359,-0.011194535839813278,-0.009237556319850305,-0.010273913753810216,-0.011226100025617464,-0.015445179528328096,-0.01206781164710598,-0.015134798367905296,-0.017949271602257514,-0.014608728604474975,-0.01801239997386861,-0.016292151847452002,-0.0203060641424259,-0.020069332748882254,-0.02323101202709685,-0.020753223441341673,-0.019585348566526904,-0.017775668580324963
ENZ,1780414912.0207314,-0.018659482593484936,0.023152542203960264,-0.019616929562924854,0.015145760404548597,-0.0008835852871700264,-0.008195954998851493,0.01771298085009183,-0.022310406751690277,0.022936853600952743,-0.017912463529411702,0.011231801364628095,0.00021063982076286432,-0.005665559436756002,0.018723034795874782,-0.02219993210136882,0.021595375704205423,-0.017228572836952286,0.012710057399868387,-0.004545030840646151,-0.007780359885742627,0.0153719704028269,-0.015508324710532958,0.0211903019863619,-0.017312743999102227,0.014777511570147372
ENN,1780414912.0207314,-0.02832970085639199,-0.014488805380541871,-0.029644875264967792,-0.023842325774333525,-0.019034048136578757,-0.025483663436235586,-0.006308420559200375,-0.015730330022235794,0.008226887004379946,-0.004419830108483888,0.005491324234542276,0.010904582100239193,-0.0005163924638314485,0.01470280579220829,-0.012042580980590877,0.00013067334518839107,-0.01804503698132921,-0.016508913272113214,-0.011185087266198908,-0.022695493690054882,-0.008270660776796017,-0.025015461346780964,-0.009948823322137654,-0.019155044182168277,-0.012384526326820584
ENE,1780414912.0207314,-0.01120505723508134,-0.010152917708220698,-0.007927642608909895,-0.009090256786091993,-0.008664140277712345,-0.01111562537529873,-0.015182144646612937,-0.0182333492745088,-0.016597272310242134,-0.019553784380719995,-0.02235773621980415,-0.024467275971158105,-0.023678171326012624,-0.024709268062337142,-0.018243870669779585,-0.017991357183332484,-0.014571903721035397,-0.012251936064306591,-0.010205524684563731,-0.010894676074655819,-0.013835406052232947,-0.01167852002216863,-0.014777070928772134,-0.012299282343016953,-0.013225165126652685
ENZ,1780414912.271172,0.005513423036138325,-0.0115575407871756,0.019306972233283527,-0.02270495907426302,0.020011905716279067,-0.010957821256860678,0.0060500141948394304,0.0073020602318014174,-0.013987983094220419,0.018896637817810053,-0.019995699792596865,0.022389741046986298,-0.016050176566869453,-0.001094013192542155,0.007165282093313889,-0.011357634277068812,0.01972256734639239,-0.02063750490397859,0.021206084079268075,-0.0060390689687871745,8.438307754067597e-05,0.011689482058814652,-0.014740262855929043,0.022284527094300233,-0.015587235175047506
ENN,1780414912.271172,-0.0016684852457454853,-0.01600388629922174,0.0055439312108853086,-0.013352494691531288,-0.0021629908233688983,-0.0066924514865050536,-0.010301290063635424,0.003392305878456383,-0.012032059585322814,0.0074535644521379184,-0.006418895209519109,0.006127868648294054,-0.0008583378100611573,-0.008386396124750143,4.416601963480815e-06,-0.02094894207546676,-0.006576716138548205,-0.022032645788131588,-0.011747981913068807,-0.014746579564621639,-0.01955485720237641,-0.0071711749712250125,-0.02243771950597239,-0.003683332439681438,-0.016403699319427152
ENE,1780414912.271172,-0.015297879994569785,-0.01658149021733868,-0.02070061646499864,-0.017696758115810417,-0.02027449995661899,-0.018475341365687837,-0.01671826835583165,-0.017118081376037063,-0.017807232766131872,-0.021295075297675447,-0.021679106224977405,-0.020290282049522445,-0.021079386694667926,-0.015823949758000104,-0.014314129536952906,-0.012257196761941983,-0.012451842574410657,-0.01059481630950108,-0.01280957001354382,-0.011152450258738308,-0.012425539086239142,-0.012904262570961823,-0.01397744488835859,-0.01463503209264649,-0.014051094655237746
ENZ,1780414912.560801,-0.015666145639562055,0.022389741046986298,-0.016560464237393602,0.018765120376952472,-0.008485293368738168,-0.0020988064406951574,0.012304983682024862,-0.015955484009448732,0.025156868002630877,-0.017959809808119342,0.015803347608836497,-0.0037874903813075772,-0.003940050612701282,0.010526867881632554,-0.01906455631132302,0.022384480349350908,-0.018585832826600337,0.016350460162802942,-0.003945311310336674,-0.005192096649668712,0.016492498998931307,-0.019727404213246313,0.02405738219705715,-0.017996634691561642,0.012341808565467162
ENN,1780414912.560801,-0.011227172847273878,0.0070221872461256,-0.00785506566368443,0.0009618635714061212,-0.001978866406168286,-0.011805849587047232,0.0009513421761380591,-0.017561052798973856,0.002113956353320158,-0.01240556911735671,-0.005182631265457854,-0.007150132180688888,-0.01735062489360173,-0.005540358704591017,-0.024494652280986035,-0.007292171016814531,-0.02113832719030004,-0.015556727000305966,-0.010111904948802142,-0.018976180462603055,0.0003200584600216736,-0.015188478165904741,0.004044632385108893,-0.006513587766937111,0.00138798007978577
ENE,1780414912.560801,-0.018396430901173287,-0.021900055525620316,-0.01897510764094664,-0.020753223441341673,-0.01754419788441671,-0.018785722526110635,-0.019564305775988056,-0.01730746649087307,-0.015497786504671129,-0.01804922485730819,-0.013624978146860818,-0.015082191391562264,-0.01072107305272599,-0.015460961621231551,-0.01042647398520392,-0.013272511405363048,-0.012157243506888588,-0.011599609557654081,-0.013035780011819403,-0.014608728604474975,-0.015618782550260647,-0.013851188145136402,-0.019453831125669323,-0.021274032507136602,-0.021279293204771992
ENZ,1780414912.8106833,-0.0030772962006766435,-0.008664157088308833,0.01589277946862183,-0.019159248868743744,0.02047484710810102,-0.017880899343604796,0.011968299033430545,0.0003263751687197125,-0.006591442220389012,0.0135149441379146,-0.02116357466740891,0.020401197341216416,-0.013572387981111553,0.012625886237718447,0.002130794457283537,-0.007506803608762126,0.019512139441020263,-0.017759903298018,0.02132181942721948,-0.012735937057258432,0.008270028596517563,0.0037090037475745008,-0.012809586824137588,0.019943516647035305,-0.01750738981156818
ENN,1780414912.8106833,0.0045549200556357595,-0.010122426344070203,0.0051388574930445055,-0.017282235824355244,-0.0011055905988728639,-0.011279779823616911,-0.00980678448601201,-0.005708701028888175,-0.01449406607817454,-0.0018946952440183457,-0.022727057875859068,-0.0038937603450535665,-0.0164826097839417,-0.012957942368958546,-0.005350973589757734,-0.01596180071814677,-0.0021261659399293203,-0.017276975126722573,-0.0016842673386462173,-0.010353897039978457,-0.011495468426621708,0.0006146575275437422,-0.013757568409372091,0.007095837013004756,-0.013883825152597
ENE,1780414912.8106833,-0.01971686600738448,-0.01528209790166633,-0.01762310834893126,-0.01571347510767865,-0.019132928569975737,-0.015939685105954234,-0.01779671137086381,-0.014519296744692364,-0.014640292790281883,-0.01667092207712129,-0.014824417207482496,-0.011615391650557536,-0.011368138861743107,-0.014703421161892978,-0.018633162294716933,-0.015618782550260647,-0.01962743414759915,-0.01324094721955614,-0.015271576506398269,-0.014445646977810487,-0.017644151139467386,-0.02248925366066173,-0.017570501372588226,-0.01762310834893126,-0.015229490925323299
ENZ,1780414913.1093364,0.008396285339739752,-0.015334721688603128,0.022331873373007873,-0.020164042116891302,0.017618288292671105,-0.009290180106789827,0.00025798609947050446,0.007896519064480946,-0.014508792160015348,0.02071683919927461,-0.023352024883280136,0.02002242711154985,-0.012241431479635018,4.755819409837597e-05,0.01030591858098964,-0.018191280504027595,0.02057480036315169,-0.021652819547402377,0.014330352271231599,-0.0072016831459692735,-7.869854912381238e-05,0.012378633448904018,-0.016707763771157357,0.022936853600952743,-0.02141082745622334
ENN,1780414913.1093364,-0.007960279616370495,-0.022711275782958337,-0.0012949757137088683,-0.015514641419230996,-0.004325137551068608,-0.004651300804394862,-0.011111437499319752,-0.0013844075734914785,-0.014715015378817453,0.005628102373035248,-0.011642767960382744,-0.0007215596715709069,-0.0062610742804900124,-0.011779546098875715,-0.00027440037265513386,-0.016724601875120735,-0.0009898552509187376,-0.017734655820906407,-0.009780480997840495,-0.00823909659098911,-0.017924040935742413,-0.001963084313264832,-0.018408025118097762,-0.0013949289687595406,-0.017466360241555855
ENE,1780414913.1093364,-0.013767016982986461,-0.010216046079831792,-0.016949739051739906,-0.017912446718817938,-0.018996150431482766,-0.012004683275494884,-0.013798581168793369,-0.01667092207712129,-0.014966456043608137,-0.020421799490380026,-0.019159232058147253,-0.018243870669779585,-0.01749685160570635,-0.01732850928140919,-0.017954532299892908,-0.014766549533504071,-0.015902860222514654,-0.01419839418899878,-0.014861242090922074,-0.013519764194174754,-0.014361475815663268,-0.015387311854352395,-0.013788059773522585,-0.018733115549767605,-0.018591076713641963
ENZ,1780414913.359091,0.01916493339715516,-0.011715361716204697,-0.0008467604037331702,0.012136641357730425,-0.017402175858882114,0.02314202080868948,-0.022736523260069925,0.016655580625595797,-0.006417839198459184,-0.00310359968884816,0.009674634864873256,-0.019474890726801936,0.018139097358466034,-0.018638439802943368,0.012625886237718447,-0.0012360520286705192,-0.0030194285266982195,0.014409262735746147,-0.01607121935740558,0.02460449475102904,-0.02049546606785567,0.013283473442006349,-0.0014464799340426478,-0.00739632895844067,0.01191043135945212
ENN,1780414913.359091,-0.006482023581132925,-0.009175500769895626,-0.01523056374697699,0.0006935679920582904,-0.014052167476894159,0.002198127515467376,-0.01539890607127687,-0.0021892943115404146,-0.002073558963586288,-0.016256399785666117,-0.0014370145498345107,-0.016451045598137513,-0.005514055216419501,-0.019491728830762594,-0.013557661899270747,-0.009706831230958616,-0.01865527790690947,0.0007409142707659306,-0.013410362365509711,0.0011459879886067336,-0.012421351210260164,-0.004730211268909411,0.0003568833434612517,-0.015193738863537412,0.002981971462980188
ENE,1780414913.359091,-0.01380384186642604,-0.012846394896983398,-0.01207833304237404,-0.017570501372588226,-0.015508307899941913,-0.02196318389723141,-0.020206110887372505,-0.01619219859240133,-0.015492525807038459,-0.016949739051739906,-0.01979577647189903,-0.013567110472882395,-0.014898066974361652,-0.012183546995060105,-0.013004215826012496,-0.01310942977869856,-0.015113755577369173,-0.018990889733850096,-0.013098908383430497,-0.019648476938137996,-0.018396430901173287,-0.017791450673228418,-0.01501906301995117,-0.017486330210438286,-0.02027449995661899
ENZ,1780414913.6362605,0.019959298739936036,-0.019359155378845087,0.015477184355512964,-0.008685199878844958,0.0006630598173140294,0.010037623001639089,-0.01933811258830896,0.02105878454550432,-0.019175030961644475,0.012141902055360374,-0.007154336867261634,-0.0049606259537550166,0.014624951338753666,-0.021258267224829635,0.020664232222931577,-0.01925394142615902,0.013578072509528416,0.0005262816788210571,-0.003929529217435942,0.015834911794643407,-0.022894344189099025,0.024557148472315955,-0.01896986375390774,0.009748284631752412,-0.0030352106196043956
ENN,1780414913.6362605,0.0006409610157152583,-0.012100448654566578,-0.008917726585813135,-0.010164511925145173,-0.01219514121198458,-0.0047354719665420805,-0.023332038103803937,-0.000353310837169682,-0.013199934460137583,-0.011327126102324551,-0.004309355458165153,-0.013126284693255705,0.004339231452630961,-0.020054623477635213,-0.0014054503640303245,-0.013310409110456318,-0.010995702151362904,-0.004751254059445534,-0.016430002807598668,-0.002015691289607864,-0.020749035565362693,-0.0007373417644716391,-0.013647093759053356,-0.007670941246483817,-0.004346180341604731
ENE,1780414913.6362605,-0.014971716741240808,-0.012835873501715337,-0.016386844404870007,-0.015355747668545486,-0.01107880049185643,-0.01692869626120378,-0.017991357183332484,-0.01732324858377652,-0.012404496295703017,-0.016907653470664936,-0.017375855560119554,-0.01219406839033089,-0.01670774696056087,-0.01775462578978884,-0.014750767440600616,-0.014303608141684843,-0.018906718571700155,-0.01657622951970329,-0.013840666749865617,-0.013861709540404462,-0.013051562104720135,-0.015513568597574584,-0.01623954487110897,-0.01901719322202161,-0.017028649516254452
ENZ,1780414913.8861408,-0.00488697618687586,0.018212747125350634,-0.02024295258140585,0.022973678484395042,-0.02105836071472285,0.015308842031213086,-0.005912812225564987,-0.004550291538281543,0.012799489259648274,-0.01893829956810083,0.02258438685945225,-0.0195064549126034,0.012962570886312762,-0.0005153364527688015,-0.006728220358881984,0.013062524141363436,-0.019664275841632495,0.022200355932150292,-0.016565724935028992,0.010084969280352173,-0.0037822296836721855,-0.007906616628964816,0.01638728504624524,-0.020895279088063802,0.020206551528750463
ENN,1780414913.8861408,-0.014199467010655194,0.0031976600659849867,-0.019965191617849883,0.0015984079851578987,-0.014031124686358035,-0.006024342886946368,-0.007760373106266428,-0.01684033722307486,-0.0014107110616629946,-0.01809764395767224,0.0023927733279387724,-0.01158490028640704,-0.009880434252891167,-0.007744591013365696,-0.020154576732685885,-0.0038043284852709563,-0.023474076939932302,-0.005719222424158959,-0.010843141919969199,-0.0021629908233688983,0.007406218173427557,0.0015721044969863826,0.012772129760416834,-0.005656094052545143,0.004828476332618983
ENE,1780414913.8861408,-0.0149769774388762,-0.014998020229412323,-0.018212306483972675,-0.020384974606940446,-0.016428929985944977,-0.013709149309008037,-0.014982238136511592,-0.011973119089687977,-0.017759886487421512,-0.017281163002701553,-0.017870361137742968,-0.017281163002701553,-0.01662883649604632,-0.011831080253562333,-0.01579764626982859,-0.016039638361004905,-0.015287358599299,-0.008958739345234413,-0.01320938303374923,-0.016728789751099715,-0.025719322008122814,-0.0279814219908732,-0.026198045492845497,-0.021589674365194794,-0.01874889764267106
ENZ,1780414914.184339,-0.01382490146755593,0.021032481057332804,-0.02123196373665812,0.01818644363717912,-0.01915398817110835,0.0009944837682729542,0.00583432559183191,-0.014987515644738028,0.017513074339985044,-0.018617397012407246,0.022363437558814783,-0.014592963322165288,0.002546389570392402,0.003803696304989781,-0.016581507027935167,0.020764185477987696,-0.02201580768416821,0.017734023640627955,-0.011862661249963009,0.0015047714388025434,0.009453685564235786,-0.013030536124780499,0.019296450838012742,-0.021479216525467103,0.013962103436830374
ENN,1780414914.184339,-0.038035687991681416,-0.02047547928837947,-0.04033987355550677,-0.019491728830762594,-0.024852379720119198,-0.021369797886211017,-0.007165914273592342,-0.02048073998601214,0.00459700563671073,-0.006350506140275345,0.014602852537154896,0.011162356284321684,0.011825204186242255,0.020184452727151695,0.0027241972788976973,0.013482323941047767,-0.010269725877831239,3.0720090134996876e-05,-0.017061286523715052,-0.02898728806067989,-0.017203325359840694,-0.04162348377827839,-0.024883943905923387,-0.03750961822825109,-0.02083320672750991
ENE,1780414914.184339,-0.005665542626159513,-0.002382867302355397,-0.005744453090674061,-0.008059160049767476,-0.011294489094863951,-0.013525024891807425,-0.008117027723745899,-0.013951141400187073,-0.014971716741240808,-0.019595869961794965,-0.02330466179397873,-0.031232533128873127,-0.031200968943066218,-0.02672411525627582,-0.025009127827491883,-0.024225283879981793,-0.0174547660246341,-0.01741268044355913,-0.01606594184917642,-0.011841601648830396,-0.004355628915219102,-0.0028878942752468724,-0.0017778870744105278,-0.003908469616303329,-0.007443658426554543
ENZ,1780414914.4342504,-0.005739209203635158,-0.0026406582970316546,0.008275289294147512,-0.014735002158293651,0.021679546866355363,-0.021074142807629023,0.01511945691637708,-0.011078817302452918,0.0007998379558070017,0.008422588827911267,-0.018922517475200098,0.02394690754674114,-0.02267339488845611,0.017749805733528686,-0.010763175444394726,0.0007104060960216696,0.012105077171923518,-0.017423218649423682,0.02272116499794522,-0.01811763073714844,0.0167713159735472,-0.0050816219993472566,-0.005439349438477697,0.010805684856248447,-0.01876995724380095
ENN,1780414914.4342504,-0.021958996021252432,-0.018839402324110084,0.003634297969632698,-0.007781415896805274,0.015039490440802607,0.000893474502162357,0.017164812285060015,0.009526279320052296,0.00399202540876586,0.014492377886836163,-0.006734537067577302,0.009184333973822586,-0.015472555838156026,-0.008444263798725846,-0.01926025813485434,-0.029765871310557312,-0.018723666976155958,-0.036678428002033366,-0.022364069739093235,-0.03260138733544837,-0.02224833439113911,-0.02121723765481459,-0.023326777406171267,0.0004252724127077378,-0.012626518417996899
ENE,1780414914.4342504,-0.00799603167815638,-0.013567110472882395,-0.01393009860965095,-0.01962217344996648,-0.02651368735090369,-0.02461983620255453,-0.02885469779816862,-0.028886261983972806,-0.02668729037283624,-0.0256930185199513,-0.020984694137249925,-0.022415603893779855,-0.01813865671709352,-0.011494395604968018,-0.013440853729660206,-0.005165776350900708,-0.007348965869136541,-0.005323597279929804,-0.008169634700088932,-0.006733464245923609,-0.005197340536707616,-0.00920599213404612,-0.012020465368398339,-0.019385442056422838,-0.020158764608664864
ENZ,1780414914.730463,-0.007422632446612186,0.001646810274925464,0.006213095821503919,-0.010952560559230731,0.023052588948909592,-0.017586300276082725,0.0167713159735472,-0.011899486133405308,0.00041580702849960087,0.00591849675398185,-0.016460510982342927,0.02318936708739712,-0.02115305327214357,0.014256702504352443,-0.01161540846114858,-0.0018094680708084807,0.010611039043782494,-0.014372014021527818,0.02104826315023898,-0.01759682167135351,0.010405871836040312,-0.0022566273697242536,-0.0055971703675067935,0.015787565515935766,-0.01846483678101354
ENN,1780414914.730463,0.007137922594079726,0.0007619570613047765,0.008868692115764394,-0.010243422389659721,0.0047337837752037025,-0.009107111700649139,-0.006229510094685827,-0.009685788440422493,-0.01847641418734425,-0.017450578148655124,-0.03712032660331375,-0.015167435375365896,-0.035342210802918717,-0.016856119315978316,-0.018381721629926247,-0.017766220006713317,-0.0046197366185879545,-0.013731264921200574,0.007495650033212889,-0.00277849244658183,0.004833737030254375,0.008679307000931112,-0.0039253245308604745,0.009021252347160821,-0.00889142309764162
ENE,1780414914.730463,-0.025535197590922203,-0.025524676195654142,-0.02301006272645666,-0.01896984694331125,-0.015145319763173359,-0.009074474693188539,-0.016923435563568387,-0.01623954487110897,-0.010563252123696893,-0.011152450258738308,-0.0033403142717980377,-0.008785136323301863,-0.008422148186533309,-0.010784201424337083,-0.014508775349424302,-0.009837275850162506,-0.015050627205755356,-0.012557056527096723,-0.01800187857860055,-0.01949591670674157,-0.023404615049029402,-0.02804455036248429,-0.021321378785846962,-0.020947869253810345,-0.018343823924830256
ENZ,1780414914.9804769,0.02136390500829717,-0.018780478639071733,0.011242322759898879,0.0006998847007508856,-0.007075426402747085,0.017860280383850142,-0.019538019098410308,0.020595843153687815,-0.015266332619359365,0.00730732092943681,0.003840521188432081,-0.009826771265485488,0.016271549698288396,-0.017786206786189515,0.022300309187200967,-0.011983657295549805,0.002988288171672783,0.004035167000903478,-0.01178375078544846,0.016866008530967924,-0.018222844689834504,0.01607164318818705,-0.011173509859868199,0.00014225075151910006,0.01063734253195401
ENN,1780414914.9804769,0.005023122145090379,-0.00923862914150672,-0.008696777285172944,-0.005871782655552663,-0.01966007115506247,-0.007155392878321559,-0.025183803671080845,-0.011248215637810002,-0.019781067200649267,-0.01734010349833367,-0.008749384261515976,-0.01826072558433673,-0.0018736524534822218,-0.01678773024673183,0.000509443574857678,-0.00680818683445918,-0.006713494277041178,0.0018456607739696053,-0.012857989113907875,0.005438717258199244,-0.007144871483053496,-0.0026574964009923115,-0.00833378914840711,-0.010643235409865132,0.0004252724127077378
ENE,1780414914.9804769,-0.019606391357063026,-0.018591076713641963,-0.016528883240995648,-0.016602533007874804,-0.010847329795948178,-0.012478146062582173,-0.01085259049358357,-0.012820091408811882,-0.013077865592891652,-0.013514503496539362,-0.013356682567510266,-0.008927175159427505,-0.01870681206159609,-0.015524089992842645,-0.016213241382937456,-0.01779671137086381,-0.01667092207712129,-0.022831199006891442,-0.018028182066772064,-0.022794374123451863,-0.014492993256520849,-0.018806765316649484,-0.01902245391965428,-0.014987498834144262,-0.017012867423350998
ENZ,1780414915.277858,0.01410940297059413,-0.0026880045757392947,-0.0005837255220180095,0.012525932982667774,-0.013004232636608984,0.019396404093068857,-0.017365350975445257,0.013388687394692412,-0.005702384320192858,-0.0035139341043216327,0.010831988344419962,-0.016544682144492867,0.018249572008787494,-0.019580104679487998,0.013977885529736549,-0.0042872566565663826,-0.005434088740842305,0.015829651097008013,-0.01984313956120316,0.017828716198043236,-0.013130489379831172,0.010258572302282,-0.0010571883091052988,-0.0049343224655835,0.015214149473797805
ENN,1780414915.277858,-0.009422753558707331,-0.01184267447048681,-0.019959930920217212,-0.01171115702962923,-0.02355298740444685,-0.00629263846629692,-0.019160304879803667,-0.009759438207301649,-0.00525102033470434,-0.014520369566346057,-0.001068765715433286,-0.015220042351708927,0.005612320280131794,-0.006660887300698145,-0.0010161587390902537,0.0006304396204471962,-0.009627920766444068,0.010825671635724645,-0.011779546098875715,0.004328710057360177,-0.004609215223319892,-0.005350973589757734,-0.00451452266590189,-0.017324321405430214,-0.005787611493402723
ENE,1780414915.277858,-0.017959792997525578,-0.010542209333158047,-0.007096452382689442,-0.011967858392055306,-0.0070070205229068325,-0.0131936009408485,-0.014235219072438358,-0.017339030676677254,-0.014361475815663268,-0.015792385572193198,-0.015613521852627977,-0.016039638361004905,-0.022010530175939052,-0.020079854144150314,-0.019422266939862414,-0.019196056941586832,-0.01766519393000623,-0.02083213390585622,-0.022752288542376892,-0.02527216270920704,-0.015939685105954234,-0.01289900187332643,-0.014792853021675587,-0.012741180944297334,-0.014166830003194594
ENZ,1780414915.5278692,-0.01603439447396328,0.015224670869063145,-0.013062100310581963,0.009921887653687685,0.001699417251268496,-0.009032405922710058,0.0164609348131244,-0.019601147470024123,0.017481510154178134,-0.010626397305901755,0.005439773269259169,0.0036932216546737688,-0.012672808685644615,0.017565681316328075,-0.020911061180964533,0.01771824154772178,-0.01029497335494283,0.008028036505338527,0.005523944431409109,-0.011536497996634032,0.018959766189418425,-0.015755577499347386,0.017360514108591338,-0.010679004282244785,0.0019203665519114085
ENN,1780414915.5278692,-0.025673048551068868,-0.015046439329776378,-0.02718812946974874,-0.019975713013120667,-0.01605649327556477,-0.026420067615142102,-0.0067661012533842095,-0.016166967925883506,-0.0017526564078927036,-0.002757449656045706,0.0012406805460247357,0.011851507674413772,-0.0026995819820672816,0.017412065073874446,-0.0033045622100121514,0.004270842383384475,-0.006739797765212693,-0.007097525204345857,-0.005266802427607794,-0.023058481826820715,-0.0041778380173075735,-0.022721797178226397,-0.015198999561172804,-0.015709287231699672,-0.014925443284189582
ENE,1780414915.5278692,-0.012099375832912887,-0.01800187857860055,-0.007485744007629513,-0.0018778403294612,-0.008395844698361792,-0.010668466076382957,-0.015466222318866943,-0.016292151847452002,-0.022936412959577504,-0.017170688352380094,-0.02101625832305683,-0.022115744128625114,-0.02442519039008586,-0.02295745575011363,-0.020148243213396803,-0.02372551760472299,-0.017165427654747423,-0.013277772102995718,-0.015087452089197656,-0.010794722819605146,-0.012820091408811882,-0.008543144232122827,-0.015382051156717003,-0.011199796537445949,-0.013567110472882395
ENZ,1780414915.8144639,0.012210291124609581,-0.020732197461399315,0.022158270351078046,-0.01816497701585608,0.007396752789222142,-0.0014412192364072556,-0.00713329407672551,0.013662243671678356,-0.022431402797277074,0.01950687874338487,-0.01528737540989549,0.011216019271727364,-0.0029615608527197956,-0.00813282662724312,0.012494368796860866,-0.022073675358146635,0.019696263858220875,-0.01546623912946071,0.01160005019902932,-0.0025512264372463222,-0.007254290122312306,0.009700938353044771,-0.02157916978052322,0.019312232930918917,-0.01351978100476852
ENN,1780414915.8144639,0.0014668905443003183,-0.013215716553041037,0.004486530986389274,-0.011537554007696679,-0.006923922182413306,-0.010348636342345787,-0.021464490443626298,-0.008870380307105494,-0.02727756132953135,-0.010995702151362904,-0.02261132252790494,-0.019549596504741015,-0.009428014256342723,-0.015709287231699672,0.008637221419856142,-0.008118100545399591,0.015076315324242185,0.0019245712384841534,0.0036921656436111217,0.005480802839274214,-0.005740265214695083,0.005843790976040047,-0.01744531745101973,-0.0035728577893627037,-0.015651419557721247
ENE,1780414915.8144639,-0.020190328794471774,-0.019727387402652546,-0.017260120212162704,-0.018517426946762807,-0.017002346028082937,-0.011831080253562333,-0.010152917708220698,-0.013372464660413719,-0.013603935356321973,-0.01658149021733868,-0.014314129536952906,-0.011262924909057042,-0.007459440519457998,-0.010963065143902304,-0.01674983254163584,-0.027360659670024875,-0.028002464781412044,-0.02360978225676886,-0.019932554610389282,-0.020753223441341673,-0.01909610368653616,-0.023241533422367636,-0.0197063446121137,-0.016292151847452002,-0.009279641900925275
ENZ,1780414916.0645068,0.009927148351323075,-0.0006310718007256497,-0.007233247331776182,0.01315721669878416,-0.01758103957845278,0.022258223606128717,-0.017933506319947827,0.010116533466153637,-0.0035349768948632005,-0.005586648972241454,0.011484314851072472,-0.01893303887046544,0.02057480036315169,-0.015261071921723973,0.010358525557332673,-0.00492380107031816,-0.003261420617877256,0.012047209497945093,-0.017481086323396663,0.02121134477690347,-0.01983787886356777,0.015740219237228126,-0.00540778525267079,-0.0033929380587348363,0.011721046244616116
ENN,1780414916.0645068,-0.01995467022258182,-0.009164979374627564,-0.019975713013120667,-0.002789013841849892,-0.018166033026918726,0.0027241972788976973,-0.010701103083843557,-0.0050090282435280254,-0.0009319875769430355,-0.013946953524208095,-0.005135284986750214,-0.026183336221598456,-0.011653289355650805,-0.024100099958413296,-0.022232552298235654,-0.017087590011886568,-0.0271986508650168,-0.009291236117849752,-0.02025979068537195,0.0063751214371057605,-0.00685027241553415,0.0017509682165516031,0.008389968631044435,-0.0007005168810320609,0.0157023383427259
ENE,1780414916.0645068,-0.01449825395415352,-0.012830612804079945,-0.012614924201075146,-0.01614485231369097,-0.016176416499497876,-0.0158870781296112,-0.01728642370033422,-0.018222827879240736,-0.018017660671504,-0.015545132783381491,-0.018585816016009293,-0.00885878609018102,-0.011252403513788981,-0.007843471446759955,-0.013393507450949844,-0.013146254662138137,-0.009195470738778059,-0.014877024183825527,-0.010458038171010828,-0.017528415791513256,-0.021289814600040056,-0.022057876454649412,-0.02598761758747337,-0.02404115946278118,-0.025445765731139592
ENZ,1780414916.3427165,0.02206357779365732,-0.01864370050057876,0.008533063478232725,-0.0017516003968300565,-0.009474304523990439,0.017881323174386267,-0.020011481885497596,0.017444685270741278,-0.019569583284217214,0.012141902055360374,-0.004534509445380811,-0.00953743289559881,0.01628207109355918,-0.024561985339169874,0.018907159213075394,-0.01984840025883311,0.015303581333577693,-0.0050027115348327085,-0.008932452667653941,0.013404469487593145,-0.021258267224829635,0.024420370333828427,-0.021268788620094976,0.013946321343929641,-0.006765045242324285
ENN,1780414916.3427165,-0.0014948822238129349,-0.011658550053286197,-0.013036852833473094,-0.008491610077436207,-0.023979103912823777,-0.0005689994401744806,-0.023274170429828236,-0.010601149828790162,-0.01908665511292179,-0.012563390046385806,-0.010674799595672042,-0.02021244440666431,0.0065487244590383105,-0.01600388629922174,0.003960461222958953,-0.007570987991433145,-0.0022682047760549627,-0.002399722216912543,-0.01257917213928926,0.0018351393787015432,-0.01943386115678689,-0.002436547100352121,-0.02052282556708711,-0.014736058169353576,-0.010837881222333808
ENE,1780414916.3427165,-0.01805974625257897,-0.016970781842276027,-0.013714410006643429,-0.014482471861252786,-0.008785136323301863,-0.01046855956627889,-0.01167852002216863,-0.01797557509042903,-0.012667531177418178,-0.01189946932280882,-0.015718735805314042,-0.010331781427785918,-0.014093180236312716,-0.019985161586732313,-0.02168962762024819,-0.015697693014775197,-0.016954999749375296,-0.01979577647189903,-0.017133863468940518,-0.018901457874067485,-0.013367203962778329,-0.015860774641439684,-0.014919109764897775,-0.012578099317632846,-0.014203654886634172
ENZ,1780414916.592807,-0.00440299200452323,0.010895116716033777,-0.01797559190102552,0.022626472440529944,-0.024367339526703922,0.01904919804920376,-0.0039190078221651575,-0.004760719443653672,0.01155270392032168,-0.0225260953546978,0.024157335452113265,-0.021158313969778964,0.015293059938312353,-0.007606756863812798,-0.0049606259537550166,0.012294462286759521,-0.019548540493681092,0.019464793162312623,-0.020358687929362698,0.011184455085920454,-0.00792239872187099,-0.004687069676774515,0.008664580919090305,-0.018038720272633892,0.018623081540824107
ENN,1780414916.592807,-0.01908139441528912,-0.0016632245481100932,-0.020696428589019662,-0.0019052166392891298,-0.0159197151370718,-0.004272530574725575,-0.0038674568568820506,-0.011532293310064008,0.007969112820300177,-0.013431405156045836,0.0030661426251274064,-0.01614066443771199,-0.003725418020756408,-0.007428949155307503,-0.018287029072508246,7.806636884535893e-05,-0.019854716967531147,-0.0042567484818221216,-0.01357870468980687,-0.008107579150131529,-0.005571922890397925,-0.013789132595178999,0.0007251321778624766,-0.016340570947816057,-0.003762242904195986
ENE,1780414916.592807,-0.013640760239764273,-0.014456168373081271,-0.0095531981779085,-0.011799516067758148,-0.015287358599299,-0.017486330210438286,-0.019432788335130475,-0.020795309022416643,-0.018954064850410516,-0.014524557442325035,-0.017733582999249993,-0.016639357891317104,-0.015082191391562264,-0.018959325548043186,-0.01663409719368171,-0.015439918830695426,-0.009958271895752024,-0.016181677197130546,-0.013851188145136402,-0.019306531591908288,-0.017702018813445807,-0.015734517898214773,-0.017160166957112033,-0.012088854437644824,-0.01661831510077826
ENZ,1780414916.8856652,0.023725958246098224,-0.021700165826110018,0.012362851356003285,2.1191539073581176e-07,-0.009900421032370089,0.02401003591834951,-0.028633765308119473,0.028802531463200824,-0.02371501302004597,0.014098881575323345,-0.001977810395108361,-0.008395861508958281,0.01590330086388717,-0.02410956534261871,0.023557615921798346,-0.022305146054054887,0.010574214160340193,-0.0004995543598680694,-0.004260953168394866,0.014130445761130254,-0.02237353512329865,0.01546140226260679,-0.015071686806887969,0.009885062770245383,-0.004818587117632096
ENN,1780414916.8856652,-0.004593433130416438,-0.01660360582953122,-0.015609333976648999,-0.007413167062404049,-0.02035974394042262,0.002398034025571443,-0.023142652988970655,0.005454499351102698,-0.013310409110456318,-0.008691516587540275,-0.0004848282780272623,-0.013515576318195777,0.0032555277399634107,-0.014778143750428546,0.00901599164952543,-0.013894346547865062,-0.009943562624502262,-0.0033939940697947616,-0.014951746772361097,0.00295040727717328,-0.01496226816762916,0.009279026531240589,-0.004240966388918668,-0.00693970427531676,-0.0032940408147440893
ENE,1780414916.8856652,-0.01615011301132636,-0.0155398720857461,-0.017381116257752224,-0.013340900474606811,-0.01059481630950108,-0.01722855602635852,-0.01823860997214419,-0.01762310834893126,-0.020863698091660405,-0.01597650998939381,-0.012304543040649624,-0.01611854882551945,-0.02118986134498938,-0.018612119504180808,-0.018517426946762807,-0.015913381617782715,-0.01397744488835859,-0.008969260740502475,-0.013535546287078207,-0.02118986134498938,-0.024451493878257374,-0.023194187143657275,-0.015687171619507133,-0.016697225565292805,-0.017065474399694032
ENZ,1780414917.135595,-0.00926387661861831,0.012715318097503779,-0.022862780003292116,0.016960701088383205,-0.013009493334238932,0.003030373752750475,0.0068022939565426125,-0.012120435434042778,0.01515628179981938,-0.02106888210999363,0.016313635279366086,-0.013283049611224876,0.0014206002766526033,0.007039025350086257,-0.013419827749717849,0.01857573526211647,-0.020437598393877245,0.01841265363545198,-0.011531237299004083,0.007244192557828437,0.006444566517412172,-0.017212790744051555,0.020774706873253033,-0.022341970937497187,0.022447608720964723
ENN,1780414917.135595,-0.009759438207301649,0.00040422962217161374,-0.023111088803163746,-0.008365353334211298,-0.019991495106021398,-0.0266357562181469,-0.007223781947568044,-0.020017798594192913,-0.002426025705084059,-0.01666673420114231,-0.002873185003999832,-0.015556727000305966,-0.015430470257081056,0.002934625184269826,-0.012784339347025997,0.006075261671951021,-0.008638909611197242,-0.001068765715433286,-0.005514055216419501,-0.005471969635344531,0.007669253055142718,-0.010606410526425554,0.004428663312413572,-0.013610268875613778,-0.002883706399267894
ENE,1780414917.135595,-0.013525024891807425,-0.018638422992352324,-0.019180274848683378,-0.011988901182591431,-0.006402040294961963,-0.008069681445035537,-0.009495330503932796,-0.01809657113601855,-0.024840785503194723,-0.017465287419902165,-0.011173493049274433,-0.01107880049185643,-0.012288760947746169,-0.013740713494814944,-0.022557642729908216,-0.02374129969762644,-0.016528883240995648,-0.01736533416484877,-0.013340900474606811,-0.018264913460315706,-0.020079854144150314,-0.02174749529422389,-0.020427060188015416,-0.017907186021182544,-0.012872698385154915
ENZ,1780414917.4303849,0.0030724593338227234,0.0024306542224409975,-0.011373416369974987,0.01688705132150405,-0.02044811978914803,0.012194509031703405,-0.009106055689589214,-0.0024933587632678983,0.009101218822735294,-0.0180334595749985,0.01615581435033699,-0.017433740044689023,0.009932409048953024,-0.0035034127090562924,-0.004818587117632096,0.012941528095776639,-0.0198536609564685,0.01911758711844752,-0.020064088861840627,0.008890790917363165,0.002051883992768989,-0.009579518476676502,0.017123782715047692,-0.02414112952842562,0.02205305639839198
ENN,1780414917.4303849,-0.020101969756342854,-0.0126633433014392,-0.022085252764474622,-0.007397384969500595,-0.016251139088033446,-0.006560934045647473,-0.0043672231321408555,-0.011569118193503588,0.005670187954107496,-0.012216184002523427,0.0059700477192649575,-0.008817773330762462,-0.006218988699417764,-0.006287377768661529,-0.017924040935742413,-0.0036991145325848923,-0.024478870188082584,-0.009670006347519038,-0.020407090219132985,-0.014483544682906479,-0.01010664425116675,-0.021969517416520493,0.0008093033400124167,-0.017224368150379542,0.0009986884548484213
ENE,1780414917.4303849,-0.011099843282395277,-0.01120505723508134,-0.00894295725233096,-0.01692869626120378,-0.01528209790166633,-0.018917239966968216,-0.015355747668545486,-0.01624480556874436,-0.01953800228781654,-0.01926970670846871,-0.021978965990134866,-0.018464819970419773,-0.019932554610389282,-0.016965521144643357,-0.01394588070255168,-0.016697225565292805,-0.013219904429020015,-0.013314596986435296,-0.010584294914233017,-0.0108105049125086,-0.012920044663862556,-0.01280957001354382,-0.015445179528328096,-0.01718647044528355,-0.019643216240502605
ENZ,1780414917.6803887,-0.01910138119476532,0.009932409048953024,-0.0033192882918556803,-0.01073687195622321,0.016492498998931307,-0.02237353512329865,0.019543703626827173,-0.017880899343604796,0.008932876498435414,-0.0006626359865325578,-0.013130489379831172,0.016634537835059672,-0.019659015144002548,0.01775506643116408,-0.017097055396094706,0.004440240718741558,0.001715199344174672,-0.009432218942912747,0.01571391574905661,-0.01638686121546377,0.013436033673400053,-0.009874117544198572,-0.0021934989981158815,0.008811880452848617,-0.01568192773246823
ENN,1780414917.6803887,-0.006934443577681368,-0.00611903544436437,-0.0007952094384500631,-0.014194206313019802,0.004476009591121211,-0.012542347255849682,0.0036027337838285115,-0.0018999559416537379,-0.0034886866272127635,0.005833269580771985,-0.007392124271865203,0.00875821746544566,-0.012952681671325876,-0.0026574964009923115,-0.015693505138796218,-0.019318125808832763,-0.01253182586058162,-0.029981559913564833,-0.016472088388673638,-0.026004472502030515,-0.01756631349660925,-0.015772415603310764,-0.019980973710753337,-0.0022366405902480547,-0.015388384676006086
ENE,1780414917.6803887,-0.01689713207539687,-0.014955934648340075,-0.017470548117534835,-0.016129070220787516,-0.01767571532527429,-0.0182701741579511,-0.02118460064735399,-0.01740215904829107,-0.017428462536462585,-0.02165280273680589,-0.019180274848683378,-0.021910576920888377,-0.017896664625914483,-0.016476276264652614,-0.01355132837997894,-0.011599609557654081,-0.011578566767115236,-0.008737790044591501,-0.011741648393779724,-0.00829589144331112,-0.012746441641932726,-0.011520699093139533,-0.01346189652019633,-0.015608261154992585,-0.013477678613099784
ENZ,1780414917.9662967,0.02178476081904143,-0.01993257142098305,0.00809642557458229,-0.0006942001723394658,-0.008674678483574174,0.01833374317093743,-0.023688709531874453,0.022515997790208485,-0.02185272605750372,0.010868813227862262,-0.0018568143495161207,-0.008174912208315368,0.01737629620149207,-0.02122670303902273,0.019880388275421487,-0.014130021930348782,0.004803228855507391,0.005508162338508377,-0.010726350560952426,0.017044872250533145,-0.022289363961154152,0.01663979853268962,-0.011236638231482016,0.0023675258508271814,0.005944800242153366
ENN,1780414917.9662967,0.00827949398072298,-0.004125231040964541,-0.0018210454771391896,0.00477586935627595,-0.01397325701237961,0.006795977247850017,-0.017087590011886568,-0.0016895280362816093,-0.015509380721595604,-0.009312278908385875,-0.00784980496605176,-0.024431523909374944,-0.0071922177617638585,-0.0275458569088819,-0.011484947031353648,-0.0135366191087319,-0.015151653282462442,-0.005713961726523567,-0.014999093051068738,0.007774467007828781,-0.007492077526918597,0.008332100957066012,-0.0009056840887715193,-0.007165914273592342,0.004102500059087317
ENE,1780414917.9662967,-0.019879947634046248,-0.02309949458623927,-0.019764212286092122,-0.022236740174214634,-0.017375855560119554,-0.017517894396245196,-0.016439451381213038,-0.01805448555494358,-0.016970781842276027,-0.01258862071290363,-0.012167764902159373,-0.009668933525865347,-0.011704823510340146,-0.011052497003684915,-0.015555654178649554,-0.01310942977869856,-0.013630238844493488,-0.01393535930728362,-0.014861242090922074,-0.020979433439617255,-0.022073658547550144,-0.02309949458623927,-0.02045336367618693,-0.01875415834030645,-0.02166858482970934
ENZ,1780414918.216265,-0.014845476808615109,0.017192171784291457,-0.018396447711769775,0.01898606967758994,-0.013866987048633622,0.0018467167850322523,0.005808022103660394,-0.016944495164701,0.018765120376952472,-0.017523171904474354,0.017991797824707723,-0.010305494750208168,0.0037353072357460167,0.008727709290698677,-0.016812977723843422,0.019548964324462563,-0.020174563512162087,0.013436033673400053,-0.007796141978648803,-0.0004416866858896453,0.006849640235255697,-0.015524106803439134,0.019859345484885365,-0.01959062607475334,0.016602973649252763
ENN,1780414918.216265,-0.013110502600354974,0.003060881927494736,-0.01731380001016215,-0.006539891255108627,-0.01970741743377011,-0.019917845339142242,-0.00802866868561698,-0.02529427832139958,-0.0058980861437241796,-0.02455778065259713,-0.01593023653233986,-0.021054156028152825,-0.01913400139163215,-0.006876575903705666,-0.02437365623539652,0.0019350926337522154,-0.011989974004247844,-0.0015474892001559669,0.003308134716306443,-0.00203673408014671,0.0120619355797859,-0.0010266801343583158,0.018153823440309566,0.0023612091421318644,0.010878278612067678
ENE,1780414918.216265,-0.018911979269335546,-0.022583946218079735,-0.014708681859525646,-0.01341455024148869,-0.00903238911211357,-0.009184949343507274,-0.013819623959329492,-0.01866472648052384,-0.020106157632321833,-0.009826754454894443,-0.010484341659182345,-0.009305945389096792,-0.006354694016254323,-0.013809102564061431,-0.015208448134784452,-0.014556121628131942,-0.0158870781296112,-0.019159232058147253,-0.017049692306790577,-0.022126265523893178,-0.02600866037800949,-0.024667182481262172,-0.02443571178535392,-0.02097417274198186,-0.02292063086667405
ENZ,1780414918.4928331,0.0072126283720215295,0.002951463288235927,-0.006249496874159303,0.019170194094790555,-0.024583028129706,0.019927734554129127,-0.014066893558734967,0.0061447067522547106,0.006171010240426227,-0.010363362424186593,0.020248637109822713,-0.021910593731482145,0.020785228268523817,-0.016139608426649344,0.010137576256695204,0.004340287463690886,-0.010694786375145518,0.018286396892229793,-0.018564790036064212,0.019875127577786096,-0.012572855430593943,0.0061131425664532465,0.0010523514422513783,-0.01101042823320371,0.016082164583457834
ENN,1780414918.4928331,-0.011390254473935645,-0.007797197989708728,-0.02624646459320955,-0.010858924012872653,-0.03647326079429391,-0.01947594673786186,-0.028950463177240312,-0.03006047037807938,-0.015414688164177603,-0.025352145995378005,-0.002394461519277151,-0.0203387011498865,0.003934157734787436,-0.006424155907154501,-0.0037780249970994404,0.008621439326952687,-0.006518848464572503,0.010289080477026261,-0.005477230332979923,0.005344024700781241,-0.007213260552299983,-0.006282117071028858,0.0031713565778134704,-0.01275277516122181,0.003444912854799415
ENE,1780414918.4928331,-0.017081256492597483,-0.014040573259969684,-0.00700175982527144,-0.009179688645874604,-0.00700175982527144,-0.006707160757752094,-0.004792266818864091,-0.009363813063075216,-0.010552730728426109,-0.012514970946021753,-0.0167971788203462,-0.013162036755041592,-0.013814363261694102,-0.019885208331681642,-0.020863698091660405,-0.024498840156965015,-0.022768070635280347,-0.026166481307038587,-0.01680243951797887,-0.018427995086980196,-0.013493460706003237,-0.018380648808269832,-0.02217361180260354,-0.021452896226704543,-0.016860307191957295
ENZ,1780414918.742795,-0.016144869124284734,0.01740786038729898,-0.012851672405209836,0.0042982018826186385,2.1254705926859906e-05,-0.010600093817730237,0.01701856876236163,-0.017733599809846484,0.01911232642081213,-0.00901136313216849,0.00261477863964161,0.00578697931312427,-0.014424620997870851,0.020480107805730965,-0.019322330495402787,0.020595843153687815,-0.011136684976431343,0.0015784212056816995,0.007370449301050626,-0.012809586824137588,0.022084620584193446,-0.01890147468465853,0.013625418788236057,-0.009989852892149976,0.003014591659844299
ENN,1780414918.742795,-0.015046439329776378,-0.00954901030192952,-0.01644052420286673,-0.01536208118783457,-0.006413634511886438,-0.01943386115678689,-0.0007162989739355149,-0.024936550882266418,-0.010574846340618647,-0.010201336808584751,-0.015377863280738025,0.002156041934395128,-0.010032994484287593,0.00624360399624818,-0.006445198697690625,0.008526746769534686,-0.001963084313264832,-0.007623594967776178,-0.001968345010900224,-0.022721797178226397,-0.008444263798725846,-0.027487989234903476,-0.015078003515583286,-0.01973898161957702,-0.02502598274205175
ENE,1780414918.742795,-0.005833884950456672,-0.011973119089687977,-0.012362410714628047,-0.017717800906349262,-0.020626966698116762,-0.015992292082297264,-0.012052029554202525,-0.007291098195158117,-0.010521166542621923,-0.012935826756766008,-0.023925424114827055,-0.023620303652036923,-0.017465287419902165,-0.019653737635770666,-0.01501906301995117,-0.018727854852134934,-0.024325237135032464,-0.021410810645629573,-0.01788088253301103,-0.012530753038925205,-0.01250444955075369,-0.0066755965719451854,-0.011920512113344944,-0.01393009860965095,-0.013961662795455135
ENZ,1780414919.0402696,-0.017470564928131323,0.015266756450140837,-0.010237105680964404,0.0016941565536385478,0.009364253704450454,-0.015881834242569573,0.015871736678085707,-0.01781251027436103,0.016950179693117864,-0.006854477102104173,-0.001635865048878652,0.012462804611053958,-0.01425627867357097,0.0164609348131244,-0.01782829236726176,0.01046900020765413,-0.005723427110728982,-0.003598105266471573,0.012788967864382935,-0.017270658418024533,0.016618755742153497,-0.013677601933797617,0.011820999499672233,-0.0023986662058526178,-0.009768903591512508
ENN,1780414919.0402696,-0.009438535651610786,0.001808835890530027,-0.004714429176005956,-0.002478632681427091,0.009620971877470299,-0.010769492153090043,0.008689828396199174,-0.004724950571274019,0.0009986884548484213,-0.006108514049096308,-0.01075371006018659,0.004165628430698411,-0.014236291894094772,0.0012406805460247357,-0.013468230039485414,-0.008665213099368758,-0.015861847463093375,-0.025394231576452975,-0.011100916104048968,-0.030423458514845212,-0.013547140503999962,-0.011700635634361167,-0.006034864282217152,-0.005692918935987443,-0.013510315620560385
ENE,1780414919.0402696,-0.01674457184400317,-0.024488318761696954,-0.01832278113429413,-0.016386844404870007,-0.018901457874067485,-0.018254392065047646,-0.019390702754055505,-0.016586750914974073,-0.022562903427540887,-0.018812026014282154,-0.013756495587718399,-0.016223762778205517,-0.017091777887865547,-0.02229460784819306,-0.018133396019458126,-0.015266315808762877,-0.01576082138638629,-0.005623457045084543,-0.006186351691954442,-0.011541741883675658,-0.02287854528559908,-0.015439918830695426,-0.015766082084021683,-0.01882254740955294,-0.01739689835065568
ENZ,1780414919.290336,0.01364120088113679,-0.01623430098407007,0.01926488665221128,-0.015129554480866393,0.007980690226630886,-0.000346994128474365,-0.005918072923200379,0.017123782715047692,-0.01798611329629086,0.017876062476750876,-0.016181694007727034,0.009758806027023196,-0.0010414062161991228,-0.009327004990226683,0.013788500414900545,-0.014235235883034847,0.013914757158122733,-0.011799532878349193,0.006071056985375555,0.0031671518912434475,-0.012241431479635018,0.015782304818300372,-0.017486347021032054,0.01424092041145171,-0.009658428941191052
ENN,1780414919.290336,0.006406685622909946,-0.017708352332734892,-0.0026995819820672816,-0.011121958894587815,-0.00898085495742695,-0.007139610785420827,-0.01604071118266132,-0.001505403619080997,-0.022832271828545133,-0.005687658238352051,-0.01032233285417427,-0.00897559425979156,-0.00031122525609471194,-0.00833378914840711,0.00901599164952543,-0.006213728001782372,0.007169486779883912,0.00134063380107813,0.0007829998518409007,0.005044164935626503,-0.014846532819675034,-0.0012634115279019603,-0.021390840676747142,-0.010601149828790162,-0.020238747894835825
ENE,1780414919.290336,-0.015981770687029204,-0.013651281635032335,-0.015008541624683108,-0.013204122336116562,-0.01865946578288845,-0.022799634821084533,-0.012073072344741372,-0.013572371170517787,-0.008711486556419984,-0.01606068115154375,-0.012467624667314112,-0.01661305440314559,-0.019837862052971278,-0.015376790459084333,-0.017696758115810417,-0.015955467198857685,-0.026303259445531562,-0.021221425530793567,-0.0218369271540065,-0.02166858482970934,-0.011431267233356922,-0.016355280219063097,-0.011347096071206982,-0.014477211163617394,-0.012262457459574654
ENZ,1780414919.6099484,0.006649733725148908,0.0036090504925238285,-0.01335143868046864,0.018891377120174663,-0.016918191676529484,0.016082164583457834,-0.010505401260314958,0.001315386323966539,0.008690884407261821,-0.01289901868392292,0.01610846807162935,-0.01977475049195395,0.014719643896168947,-0.008864063598410177,-0.002877389690575299,0.004855835831850424,-0.014198410999592546,0.016134771559800868,-0.014072154256370359,0.011494836246343256,-0.00665983128963822,-0.001178184354692095,0.008233203713075263,-0.016739327956964263,0.020816792454330726
ENN,1780414919.6099484,-0.006155860327803948,-0.002525978960134731,-0.012342440745745614,0.0090580772306004,-0.010901009593947623,-0.0026311929128207956,-0.008349571241310565,-0.010879966803408778,0.00020958380970293925,-0.014909661191286127,0.0011091631051671554,-0.019754763712477752,-0.009054504724306108,-0.009685788440422493,-0.012952681671325876,-0.0018578703605787678,-0.015193738863537412,0.0009986884548484213,-0.014914921888918797,-0.009354364489460846,-0.002152469428100836,-0.012316137257574099,-0.0022103371020765388,-0.012747514463586417,0.009599929086934174
ENE,1780414919.6099484,-0.013709149309008037,-0.0191434499652438,-0.017770407882692293,-0.022089440640453598,-0.02092156576563883,-0.020337628328230085,-0.015466222318866943,-0.017596804860759745,-0.01615537370895903,-0.015818689060364714,-0.01913818926761113,-0.01428256535114872,-0.013393507450949844,-0.010863111888851631,-0.012609663503439754,-0.019595869961794965,-0.016081723942079875,-0.018422734389344803,-0.012041508158934462,-0.01815443880999425,-0.010542209333158047,-0.015250533715859422,-0.020900522975102705,-0.016197459290034,-0.015908120920147324
ENZ,1780414919.8598914,-0.02126352792246503,0.01304148135082731,-0.006765045242324285,-0.003156206665191192,0.009006526265320013,-0.017339047487273742,0.017833976895678626,-0.01611330493847783,0.01216820554353189,-0.00752784639929825,-0.003624408754643089,0.007649266275666518,-0.015887094940204967,0.016776576671182594,-0.018322797944885175,0.013115131117706468,-0.008138087324878512,-0.003487630616150117,0.01199460252160206,-0.01915398817110835,0.018123315265565303,-0.01767573213586806,0.010258572302282,-0.0030983389912127676,-0.003929529217435942
ENN,1780414919.8598914,-0.01531473490912693,-0.00624529218758928,-0.004461915689558858,-0.012821164230468297,-0.0020104305919751942,-0.013036852833473094,0.002534812164064415,-0.016456306295770183,-0.008381135427114751,-0.0068239689273626334,-0.014352027242048898,-0.0051615884749217295,-0.020554389752894017,0.001356415893978862,-0.015172696073001288,-0.009012419143231138,-0.010222379599120876,-0.014820229331503516,-0.002883706399267894,-0.02056491114816208,0.001351155196346192,-0.010274986575463907,-0.006208467304146981,-0.008112839847766921,-0.012242487490694943
ENE,1780414919.8598914,-0.015029584415219233,-0.015603000457357193,-0.012378192807531501,-0.017070735097329422,-0.019374920661154774,-0.015513568597574584,-0.02036919251403699,-0.013598674658689303,-0.018633162294716933,-0.016691964867660135,-0.01649205835755607,-0.018438516482248257,-0.009931968407580507,-0.014003748376530106,-0.010489602356815016,-0.0210583439041318,-0.017702018813445807,-0.01437199721093133,-0.014771810231139463,-0.015450440225963489,-0.015702953712410588,-0.013482939310735177,-0.02082161251058816,-0.015208448134784452,-0.01394588070255168
ENZ,1780414920.1723642,-0.013130489379831172,0.016766055275917253,-0.017922984924682486,0.012967831583948155,-0.007180640355433149,-0.005933855016101111,0.011547443222686287,-0.015760838196982777,0.01776032712879947,-0.017749381902747215,0.013662243671678356,-0.0030825568983120356,-0.0022355845791881294,0.01009022997798212,-0.015702970523004355,0.017902365964922392,-0.01395641890841351,0.009159086496713717,-0.004897497582146644,-0.0018410322566153887,0.010532128579267944,-0.015671406337197446,0.01959104990553481,-0.018875171196487014,0.013667504369308305
ENN,1780414920.1723642,-0.012253008885963005,-0.0030625701188358367,-0.010895748896312231,-0.0006479099046890288,-0.006124296141999762,-0.0160144076944898,0.005102032609604927,-0.015251606537515837,-0.0009162054840395814,-0.012416090512624772,-0.004288312667626307,-0.00550879451878683,-0.015298952816223477,-0.003593900579898828,-0.020328179754618435,-0.005287845218143918,-0.01692976908285747,-0.012484479581871257,-0.009659484952250977,-0.019286561623025857,-0.005998039398774852,-0.018502717675515767,-0.004035799181181931,-0.014978050260532613,-0.005498273123516047
ENE,1780414920.1723642,-0.01909610368653616,-0.020884740882199253,-0.014040573259969684,-0.015487265109403067,-0.013682845820836521,-0.022057876454649412,-0.02108990808993599,-0.016839264401418447,-0.021310857390576178,-0.015092712786830326,-0.01246236396967872,-0.01558195766682107,-0.016260587661645096,-0.016339498126159643,-0.011557523976579111,-0.01727064160743349,-0.010200263986928339,-0.01759154416312435,-0.014066876748141199,-0.015781864176925137,-0.018212306483972675,-0.014256261862977205,-0.01674983254163584,-0.01298317303547637,-0.009779408176184081
ENZ,1780414920.4224775,-0.0037927510789429694,-0.006559878034587548,0.011968299033430545,-0.017491607718667448,0.01428826669015935,-0.01577662028988351,0.011021373459255966,-0.0026248762041254786,-0.0032088136415342238,0.012152423450631156,-0.017423218649423682,0.02067475361820236,-0.014224714487764063,0.008301592782319027,-0.0028931717834760314,-0.0014938262127502878,0.011268626248070394,-0.016229040286434675,0.017060654343433877,-0.016570985632664383,0.00878031626704171,-0.003577062475935449,-0.006417839198459184,0.014798554360683495,-0.019874703747004625
ENN,1780414920.4224775,-0.00689761869424179,-0.018471153489708857,0.004007807501669314,-0.014046906779258767,0.0010039491524810912,-0.002152469428100836,0.0006357003180798664,0.00014645543808912317,-0.0064346773024225624,0.003986764711130468,-0.021990560207056618,-0.004877510802670445,-0.01765574535639186,-0.013210455855405645,-0.01002247308901681,-0.014499326775809932,-0.0031783054667899628,-0.017208586057476088,-0.00364124685860919,-0.010543282154814461,-0.003693853834952222,-0.0011266333894117098,-0.012458176093699742,0.005885876557115017,-0.014588758635592542
ENE,1780414920.4224775,-0.013956402097822465,-0.015676650224239072,-0.01797031439279364,-0.01746002672226677,-0.02720809943863117,-0.0191434499652438,-0.020853176696392344,-0.019322313684811743,-0.015176883948980266,-0.015518829295209974,-0.017191731142918942,-0.01624480556874436,-0.01029495654434634,-0.012688573967954302,-0.013614456751592756,-0.011541741883675658,-0.017638890441834715,-0.013530285589442817,-0.02022715367791135,-0.017207513235819673,-0.01674983254163584,-0.01875415834030645,-0.016586750914974073,-0.019869426238778187,-0.019648476938137996
ENZ,1780414920.7355835,-0.01769151422876879,0.005913236056346458,-0.00013656622310223647,-0.00735950407499837,0.011452750665271008,-0.015745056104076602,0.015619223191635886,-0.013788076584119074,0.0013311684168672711,-0.000304908547396673,-0.010842085908909274,0.013530726230820777,-0.020100913745282927,0.013941060646294249,-0.013672341236162225,0.005802761406025002,0.0016362888796601237,-0.0076277996543489225,0.013530726230820777,-0.01924868072852363,0.017786630616970986,-0.01621851889116389,0.006870683025791821,0.0006946240031209375,-0.010247627076229745
ENN,1780414920.7355835,-0.02667784179922187,-0.022032645788131588,-0.015856586765460704,-0.023837065076698135,-0.00780771938497679,-0.020154576732685885,4.6502183038450895e-05,-0.0034729045343093097,-0.005272063125243186,0.004560180753271152,-0.005698179633620113,0.011309655818082718,-0.00042696060404883823,0.011462216049476422,0.004602266334346122,0.0002358872978744553,0.001277505429464314,-0.012468697488967803,8.332706647802901e-05,-0.024194792515831298,-0.01145338284554946,-0.02303743903628459,-0.02706713342415922,-0.01761892047295228,-0.02949231503357409
ENE,1780414920.7355835,-0.010147657010585306,-0.0075856972626801855,-0.008385323303093729,-0.00903764980974896,-0.012483406760217565,-0.01384592744750101,-0.020984694137249925,-0.01927496740610138,-0.020642748791020217,-0.01883832950245367,-0.0172653809097981,-0.019858904843510126,-0.018122874624190065,-0.027355398972392204,-0.022073658547550144,-0.02317314435312115,-0.02035341042113354,-0.01306734419762359,-0.017065474399694032,-0.015671389526603678,-0.016176416499497876,-0.008106506328475115,-0.0054025077444443525,-0.005970663088949644,-0.009158645855335757
ENZ,1780414920.985747,0.015398273890998416,-0.020121956535819052,0.0197909564156416,-0.01689714888599336,0.007875476273944823,-0.001178184354692095,-0.010626397305901755,0.014261963201987833,-0.018685786081656452,0.019548964324462563,-0.009789946382048631,0.007396752789222142,0.0006472777244078535,-0.012272995665436482,0.01625050690775227,-0.01969057932980401,0.01438295924757463,-0.011752186599641553,0.004498108392719983,0.0012049116736450828,-0.010352841028915809,0.015324624124113817,-0.022431402797277074,0.018291657589865184,-0.018186019806397648
ENN,1780414920.985747,-0.010001430298480685,-0.023279431127460906,-0.0034518617437731855,-0.013173630971966067,-0.011968931213708999,-0.002457589890890967,-0.008181228917010685,0.012214495811182327,-0.0021051231493904744,0.008337361654701402,-0.006413634511886438,-0.01141655796210716,-0.008360092636578628,-0.022490326482315425,-0.010274986575463907,-0.028913638293800736,-0.01531473490912693,-0.021627572070290785,-0.0140995137556018,-0.0010003766461867997,-0.006045385677485214,0.009810356992306302,-0.006797665439191118,0.006280428879687758,-0.0026943212844346117
ENE,1780414920.985747,-0.018733115549767605,-0.013083126290527044,-0.015955467198857685,-0.01202572606603101,-0.011157710956370978,-0.016912914168300326,-0.020248196468447475,-0.02803928966485162,-0.02096891204434647,-0.021936880409059896,-0.01728642370033422,-0.016360540916698488,-0.017691497418177746,-0.011047236306052245,-0.011657477231629784,-0.00881670050910605,-0.009263859808021822,-0.0066072075026987,-0.011262924909057042,-0.017065474399694032,-0.019601130659427635,-0.026166481307038587,-0.02300480202882399,-0.02049018855962651,-0.014114223026851561
ENZ,1780414921.2881308,0.00418246653466179,0.0009471374895653141,-0.011278723812554263,0.01637676365097446,-0.0158187058709612,0.020832574547231458,-0.015492542617632226,0.005481858850336861,0.0018888023661045004,-0.012883236591016744,0.014009449715538014,-0.020847932809350718,0.021295515939047962,-0.014187889604327207,0.006754947677834972,0.0012206937665512586,-0.0097373394057056,0.013588593904793757,-0.019353894681209696,0.01839687154255125,-0.01455087774109304,0.007102153721700073,0.0028672921260859867,-0.011441805439218751,0.015561355517657461
ENN,1780414921.2881308,-0.009065026119574169,0.0034817377382389933,-0.011737460517800745,0.0019824389124625777,-0.012600214929825384,-0.002052516173047442,-0.0189603983696996,-0.01660360582953122,-0.010264465180195846,-0.02758794248995687,-0.01318415236723413,-0.028082448067580285,-0.00872308077334446,-0.017140196988229602,-0.009570053092468367,0.0014405870561288022,-0.007402645667135987,0.007537735614285137,-0.005503533821151438,0.009436847460269685,-0.003073091514103899,-0.004782818245252443,0.0015247582182787425,-0.017198064662208024,-0.0008478164147930953
ENE,1780414921.2881308,-0.014130005119752294,-0.018612119504180808,-0.02034814972350087,-0.026319041538435017,-0.013961662795455135,-0.013535546287078207,-0.011704823510340146,-0.012530753038925205,-0.01107353979422376,-0.011147189561102916,-0.01484545999801862,-0.00851158004631864,-0.012625445596343208,-0.014808635114579041,-0.017033910213889846,-0.01956956647362345,-0.017149645561843972,-0.0269135003711091,-0.01762310834893126,-0.020106157632321833,-0.01819126369343655,-0.019190796243954162,-0.020332367630597415,-0.01797557509042903,-0.016555186729167164
ENZ,1780414921.5380661,-0.01984840025883311,0.01451447668843221,-0.014966472854201905,0.006875943723427212,-0.000378558314281273,-0.00874832825045333,0.01420409552800941,-0.020200867000333602,0.01683970504279641,-0.011283984510189655,0.0010628728375221624,0.0041403809535895415,-0.012230910084364234,0.017218475272462973,-0.01983787886356777,0.017865541081485536,-0.013488216818961613,0.002909377707158235,0.007943865343188587,-0.011504933810832568,0.01758146340923425,-0.020416555603341123,0.015734958539592735,-0.009448001035818923,0.0018677595755683762
ENN,1780414921.5380661,-0.018066079771868054,-0.002426025705084059,-0.015483077233424089,-0.012026798887687422,-0.0066293231148912375,-0.017029722337910867,-0.005256281032339732,-0.02282175043327707,-0.007465774038747082,-0.011158783778027393,-0.011395515171571037,-0.0005058710685633865,-0.013242020041212553,0.004560180753271152,-0.011327126102324551,-0.0010372015296290997,-0.005519315914054893,-0.010927313082119139,-0.003946367321396599,-0.01587236885836416,-0.0026101501222846714,-0.0161722286235189,-0.0038674568568820506,-0.011248215637810002,-0.019986234408388728
ENE,1780414921.5380661,-0.011573306069482566,-0.012578099317632846,-0.013714410006643429,-0.013277772102995718,-0.01610802743025139,-0.01541361534252391,-0.017486330210438286,-0.011268185606692434,-0.016970781842276027,-0.013582892565785848,-0.017223295328723128,-0.019327574382444413,-0.015718735805314042,-0.018722594154499544,-0.018722594154499544,-0.019685301821577576,-0.019080321593632706,-0.016991824632814876,-0.019380181358787444,-0.011057757701320307,-0.01744950532699871,-0.01151017769787147,-0.01861738020181348,-0.009400637946514794,-0.008027595863960566
ENZ,1780414921.8562274,-0.005733948505999766,-0.004513466654839243,0.01338342669705702,-0.019480151424431883,0.021626939890012332,-0.020479683974949495,0.009579942307457975,-0.002440751786924866,-0.007664624537791222,0.014766990174882031,-0.021621255361595468,0.0177761092217002,-0.015539888896339865,0.00895917998660693,-0.0025459657396109305,-0.004681808979139124,0.013378165999421628,-0.018775217941436342,0.018617820843188717,-0.018648961198214152,0.0074388383702943895,0.00041580702849960087,-0.00926387661861831,0.017134304110318476,-0.021268788620094976
ENN,1780414921.8562274,-0.0009425089722110974,-0.008223314498085655,0.006127868648294054,-0.014830750726771579,0.0038868114560797963,-0.01349453352765693,-0.011121958894587815,-0.005329930799218888,-0.014746579564621639,0.0008303461305485409,-0.021354015793307562,-0.0034466010461377938,-0.014830750726771579,-0.011558596798235525,-0.004172577319672181,-0.013147327483794552,-0.0006531706023244208,-0.013946953524208095,0.000914517292698481,-0.006455720092961408,-0.003614943370437674,-0.00032700734899816596,-0.022269377181675234,-0.005677136843083989,-0.02524167134505655
ENE,1780414921.8562274,-0.017107559980769002,-0.015297879994569785,-0.01684978579668923,-0.019117146477072283,-0.022010530175939052,-0.014608728604474975,-0.016134330918422906,-0.010731594447994052,-0.011715344905608207,-0.018948804152775126,-0.014813895812211712,-0.014840199300383227,-0.013030519314184011,-0.015082191391562264,-0.01750211230334174,-0.015871296036707744,-0.019843122750606672,-0.013651281635032335,-0.019785255076628247,-0.018717333456866873,-0.019837862052971278,-0.017733582999249993,-0.014345693722759813,-0.014535078837595819,-0.009369073760707886
ENZ,1780414922.1061752,0.021427033379905543,-0.015571453082146774,0.006207835123868527,0.0016625923678316398,-0.011715361716204697,0.01626628900065845,-0.01976948979431856,0.01974887083456391,-0.01316205356563808,0.0027147318946922822,0.005445033966894561,-0.013619734259819194,0.015976950630771772,-0.017496868416302838,0.01503528575422714,-0.011452326834489535,-0.002766915040253843,0.010521607183997162,-0.012772761940695288,0.01832848247330204,-0.016912930978894094,0.01107924113323439,-0.006901823380817257,-0.002251366672088862,0.011531661129785556
ENN,1780414922.1061752,-0.01219514121198458,-0.020806903239338394,-0.018623713721102563,-0.008186489614646077,-0.017208586057476088,0.002240213096542346,-0.01457823724032448,-0.0008425557171577033,-0.006881836601338336,-0.010480153783203366,0.0003568833434612517,-0.01249500097713932,0.004723262379932918,-0.007497338224551267,0.004565441450903822,0.0012091163602205497,-0.007092264506710464,0.006369860739470368,-0.0111903479638343,-0.0025470217506735776,-0.018681581395080988,-0.019812631386456177,-0.02299535345520962,-0.030439240607748667,-0.018413285815730433
ENE,1780414922.1061752,-0.011867905137001913,-0.012099375832912887,-0.01510849487973378,-0.01458768581393885,-0.010663205378747565,-0.018454298575151712,-0.013877491633307917,-0.01592916371068617,-0.017097038585500938,-0.019117146477072283,-0.020548056233602213,-0.015119016275001841,-0.020579620419409122,-0.018512166249127413,-0.01754945858204938,-0.022057876454649412,-0.020342889025865476,-0.022505035753565186,-0.01575556068875362,-0.020905783672735375,-0.00816437400245354,-0.011094582584759885,-0.006659814479041732,-0.006402040294961963,-0.008979782135770538
ENZ,1780414922.4326375,0.004719057693362895,-0.011741665204376212,0.016518802487102822,-0.016018612381062548,0.013378165999421628,-0.003692797823892297,-0.0022145417886520057,0.0055660300124813576,-0.013788076584119074,0.016660841323231187,-0.014335189138085519,0.010063926489810604,-0.006081154549864867,-0.0033298096871210202,0.012320765774931037,-0.019038252823151504,0.017523595735255824,-0.013014754031874324,0.010258572302282,-0.0034402843374424764,-0.004529248747745419,0.014325091573596207,-0.01576609889461817,0.017265821551176057,-0.01104725311664601
ENN,1780414922.4326375,0.00954206141295575,-0.010816838431797683,0.004002546804033923,-0.011279779823616911,-0.003073091514103899,-0.004030538483546539,-0.012032059585322814,-0.003299301512379481,-0.021790653696955275,-0.006471502185862141,-0.015198999561172804,-0.01136921168339952,-0.01218988051435191,-0.015604073279013607,-0.003230912443132995,-0.025883476456440995,-0.009985648205577232,-0.019928366734410303,-0.020028319989463698,-0.01518321746826935,-0.022279898576943295,-0.0026627570986277036,-0.011242954940177333,0.0048442584255224365,0.000972384966676905
ENE,1780414922.4326375,-0.019995682982000378,-0.018354345320098317,-0.01900667182675355,-0.01896458624567858,-0.02175275599185928,-0.018128135321822735,-0.011883687229905366,-0.01537152976144894,-0.011052497003684915,-0.016639357891317104,-0.010189742591660276,-0.01489280627672626,-0.016334237428526972,-0.013966923493090528,-0.018596337411277353,-0.012956869547304855,-0.015629303945528708,-0.005881231229167034,-0.010352824218324765,-0.013598674658689303,-0.012688573967954302,-0.019827340657703217,-0.015161101856076812,-0.021500242505412184,-0.017728322301617323
ENZ,1780414922.6841729,-0.0014780441198495558,0.007586137904058146,-0.014961212156566513,0.016455674115489007,-0.016229040286434675,0.008680363011991037,-0.0016989934204870243,-0.00553930269352837,0.013877932274680434,-0.013177835658538813,0.019170194094790555,-0.009705775219898691,0.008932876498435414,0.0027094711970568905,-0.007733013607034987,0.015324624124113817,-0.01619747610062777,0.01916493339715516,-0.012635983802207758,0.00596584303268949,0.0002369433089343804,-0.010037199170857616,0.015603441098735153,-0.017312743999102227,0.015408795286263757
ENN,1780414922.6841729,-0.0005269138590995106,0.012119803253764324,-0.0018526096629460976,0.010320644662833169,-0.0054930124258833765,-0.0022524226831515085,-0.0037569822065633162,-0.02168017904663382,-0.00919654356043175,-0.0293292334069096,-0.017366406986505184,-0.02937131898798457,-0.020870031610952213,-0.01431520235860932,-0.026146511338156157,-0.006681930091234269,-0.01821337930562909,-0.006439938000057955,-0.009906737741062684,0.00021484450733560932,0.0052335500504625074,-0.004451394294290796,0.010483726289494935,-0.005808654283941569,0.005575495396692216
ENE,1780414922.6841729,-0.02591396782059149,-0.02899147593665887,-0.021342421576383087,-0.020769005534245124,-0.014561382325767334,-0.01949591670674157,-0.01587655673434314,-0.01731798788614113,-0.015524089992842645,-0.004992173328968157,-0.009284902598560667,-0.0041662438003830975,-0.006549339828722998,-0.00994775050048124,-0.013509242798906692,-0.013740713494814944,-0.010458038171010828,-0.016823482308517716,-0.013861709540404462,-0.01897510764094664,-0.02360452155913347,-0.021973705292499472,-0.02331518318924679,-0.018559512527837777,-0.024756614341044782
ENZ,1780414922.9818673,-0.016223779588799284,0.01697648318128938,-0.01843327259520663,0.014898507615739612,-0.008306429649172949,0.00021590051839825628,0.011963038335795153,-0.017796728181454856,0.016097946676358568,-0.014761305646465168,0.008764534174140977,-0.002809000621326091,-0.008874584993680962,0.013499162045013868,-0.01931706979777284,0.016539845277638947,-0.009768903591512508,0.007259974650729169,0.00047367470247802496,-0.007722492211764203,0.01667662341613192,-0.015913398428376482,0.01958578920789942,-0.010968342652131462,0.002983027474042835
ENN,1780414922.9818673,-0.018550063954223407,-0.009880434252891167,-0.029160891082612442,-0.022663929504247973,-0.02742486086329238,-0.03218053152470412,-0.01606175397319744,-0.026951398076205092,-0.008244357288624502,-0.01123769424254194,-0.004288312667626307,0.0016457542638655387,-0.0015317071072525129,0.0166703067074366,-0.00546670893771186,0.010304862569929716,-0.0002638789773843499,-0.0026259322151881257,0.001714143333112025,-0.011290301218884972,0.0016615363567689927,-0.017087590011886568,-0.004893292895571177,-0.020870031610952213,-0.018976180462603055
ENE,1780414922.9818673,-0.014419343489638971,-0.01579764626982859,-0.00751204749580103,-0.008011813771059835,-0.0024933419526741315,-0.004502928448977414,-0.008174895397721602,-0.013535546287078207,-0.018959325548043186,-0.012909523268594493,-0.01897510764094664,-0.01894354345513973,-0.021153036461547082,-0.023199447841292666,-0.0254405050335042,-0.0248197427126586,-0.018869893688260576,-0.022184133197871603,-0.020669052279191732,-0.015634564643164102,-0.017091777887865547,-0.01237293210989611,-0.013372464660413719,-0.009332248877268308,-0.014130005119752294
ENZ,1780414923.2319775,0.009285343239935906,-0.00974260010334099,0.01628733179119457,-0.016560464237393602,0.012536454377933114,-0.008359036625515981,-0.00012078413019606057,0.010316439976260425,-0.01962745095819564,0.021290255241418015,-0.01629742935567844,0.015030025056597193,-0.008890367086581693,-0.00022073738525217663,0.011415925781828708,-0.014719220065387477,0.019212279675868246,-0.019459108633895758,0.011610571594300104,-0.006959691054790237,-0.002424969694024134,0.015561355517657461,-0.018470097478648934,0.02152698663496166,-0.02002200328076838
ENN,1780414923.2319775,-0.011095655406416298,-0.02589925854934445,-0.008691516587540275,-0.022090513462110013,-0.013957474919476158,-0.012652821906168416,-0.01523056374697699,0.0037079477365145755,-0.014804447238600063,0.006890669805268019,-0.004535565456440736,0.006138390043562115,-0.002420765007448667,-0.010374939830517302,0.0019035284479480294,-0.01826598628197212,-0.0013160185042449925,-0.01744531745101973,-0.009043983329038045,-0.014551933752152964,-0.017545270706070405,-0.0052036740559967,-0.0240369715868022,-0.0017000494315496713,-0.01938651487807653
ENE,1780414923.2319775,-0.010184481894024884,-0.010521166542621923,-0.01358815326342124,-0.009006085623942053,-0.013814363261694102,-0.015818689060364714,-0.016734050448732385,-0.012346628621724594,-0.02087948018456386,-0.021079386694667926,-0.020637488093387547,-0.02444097248298659,-0.018112353228922004,-0.023167883655485756,-0.015129537670269904,-0.01424047977007375,-0.016229023475840907,-0.012572838620000176,-0.015255794413494814,-0.01073685514562672,-0.011894208625173429,-0.013214643731384623,-0.014782331626407526,-0.019306531591908288,-0.012646488386879332
ENZ,1780414923.55549,-0.012462380780272486,0.018812466655660113,-0.020732197461399315,0.014114663668224078,-0.009232312432811403,0.006391959541069139,0.002514825384585494,-0.011662754739861664,0.01915441200188982,-0.01763364655479581,0.01769193805955026,-0.008985059643996974,0.00505048164432182,0.002462218408242462,-0.009374351268939768,0.014261963201987833,-0.01582396656859115,0.011568486013222412,-0.0077645777928418945,-0.0030089071314328792,0.007023243257185525,-0.014356231928621644,0.01831270038040131,-0.019643233051096373,0.016797619461718715
ENN,1780414923.55549,-0.005913868236627633,0.009615711179834906,-0.009138675886456048,-0.00026913967501974187,-0.01010664425116675,-0.01597232211341483,-0.012400308419724039,-0.028682167597892484,-0.013000027950033516,-0.030996874556985896,-0.015756633510407313,-0.01974424231720969,-0.018455371396805403,-0.009133415188820656,-0.013010549345301579,0.008400490026312497,-0.005182631265457854,0.0035816909932896656,0.0006883072944228985,-0.0025733252388450934,0.0043813170337032095,-0.010348636342345787,0.004544398660367698,-0.01618801071642235,-0.005540358704591017
ENE,1780414923.55549,-0.020542795535969542,-0.0218737520374488,-0.023404615049029402,-0.020574359721773728,-0.014145787212655747,-0.010673726774015627,-0.01012135352241379,-0.011068279096588368,-0.012746441641932726,-0.010547470030793439,-0.009937229105213177,-0.006712421455384763,-0.01341981093912136,-0.016644618588949774,-0.018112353228922004,-0.021163557856817866,-0.021300335995308117,-0.021600195760462855,-0.017875621835378358,-0.0244725366687935,-0.02161071715573364,-0.01750211230334174,-0.01763362974419932,-0.016223762778205517,-0.016565708124435224
ENZ,1780414923.8055613,-0.0055971703675067935,0.0005525851669925732,0.008496238594790425,-0.016192215402992375,0.018807205958024723,-0.020853193506986112,0.016360981558073726,-0.01065270079407327,0.0019045844590106762,0.00683385814234952,-0.014976994249472688,0.014404002038110755,-0.02044285909151264,0.010200704628303577,-0.0074752394229552184,-0.0040715680535588624,0.009474728354771911,-0.01837540492122821,0.022626472440529944,-0.021026796528921383,0.01312039181534186,-0.005860205249221954,0.0003579393545211768,0.007244192557828437,-0.014308885649914003
ENN,1780414923.8055613,-0.010311811458903487,-0.012736993068318356,-0.007507859619822052,-0.018423807211001217,-0.00680818683445918,-0.02603077599020203,-0.019354950692272343,-0.017860912564128598,-0.01761892047295228,-0.005429884054272282,-0.01669303768931383,-0.0038727175545174427,-0.01583028327728919,-0.0025417610530381854,0.00290306099846564,-0.0022103371020765388,0.009436847460269685,-0.003704375230220284,0.013108814409013873,-0.010506457271374883,-0.0010424622272617698,-0.004567129642244923,-0.019549596504741015,-0.013263062831748678,-0.02889785620089728
ENE,1780414923.8055613,-0.010452777473375436,-0.016234284173473577,-0.01659201161260674,-0.01615537370895903,-0.0125938814105363,-0.006528297038184152,-0.009316466784364853,-0.009374334458343278,-0.015497786504671129,-0.01571347510767865,-0.016034377663372235,-0.0167603539369039,-0.010615859100039924,-0.018601598108910024,-0.012267718157210046,-0.02724492432207075,-0.026760940139715396,-0.02304688760989624,-0.02165806343444128,-0.020190328794471774,-0.020684834372095187,-0.012709616758490427,-0.014729724650064493,-0.009842536547795174,-0.005192079839072224
ENZ,1780414924.1392927,-0.0008257176131970461,-0.0068965626831818646,0.016029557607114803,-0.01636581842492765,0.01819170433480907,-0.011241898929117406,0.009101218822735294,0.0014311216719233872,-0.009705775219898691,0.01837582875200968,-0.01859635422187112,0.01563500528454206,-0.010284451959672045,0.007207367674386137,0.0018993237613752843,-0.009421697547647406,0.018302178985130525,-0.020148260023990568,0.022900028717510443,-0.010968342652131462,0.007528270230079722,0.0020255805045974727,-0.009269137316253702,0.016645059230325013,-0.02342567465015929
ENN,1780414924.1392927,0.00711161910590821,0.0035238233193139634,0.014197778819314093,-0.008002365197445465,0.0061594328340982395,-0.0030678308164685066,-0.008202271707549532,-0.003220391047864933,-0.019281300925390463,-0.007328995900254109,-0.023542466009176068,-0.008223314498085655,-0.014409894916027321,-0.017734655820906407,-0.012379265629185194,-0.022727057875859068,-0.010559064247717914,-0.027703677837910997,-0.0031046556999080846,-0.007313213807350655,-0.006934443577681368,0.0015089761253752885,-0.007155392878321559,0.008316318864162557,-0.00954901030192952
ENE,1780414924.1392927,-0.031753342194668056,-0.025098559687274494,-0.02070587716263131,-0.018464819970419773,-0.021863230642178016,-0.016434190683577644,-0.02287854528559908,-0.018391170203537897,-0.012357150016992655,-0.009216513529314182,-0.01185212304410118,-0.017123342073672453,-0.01358815326342124,-0.017202252538187003,-0.01185212304410118,-0.006480950759476511,-0.010010878872095055,-0.00803811725923135,-0.012020465368398339,-0.01579764626982859,-0.02507751689673837,-0.025135384570716793,-0.019374920661154774,-0.01810709253128661,-0.019196056941586832
ENZ,1780414924.389237,0.015882258073351047,-0.014503531462385399,0.006902247211598728,0.004040427698533426,-0.011152467069332076,0.018202225730079853,-0.017838813762532546,0.014840639941761187,-0.012546551942422426,0.0022149656194334773,0.005113610015935636,-0.01096308195449607,0.017823455500407842,-0.01901721003261538,0.015708655051421216,-0.010947299861595339,0.005729111639145846,0.003303930029730976,-0.01099464614030298,0.016766055275917253,-0.02010617444291832,0.013541247626086116,-0.012925322172094435,0.005029438853785696,0.003298669332101028
ENN,1780414924.389237,0.010562636754009484,0.0007724784565728386,-0.004519783363537282,-0.005398319868465375,-0.01725593233618373,-0.008533695658511177,-0.01595127932287871,-0.004361962434508186,-0.01280012143992945,-0.01652469536501667,-0.01227931237413452,-0.027645810163932572,-0.005950693120067211,-0.02261132252790494,-0.0102802472730993,-0.014520369566346057,-0.013568183294538808,-0.005687658238352051,-0.004840685919228145,0.017159551587427345,-0.0020682982659508964,0.007064272827197848,-0.0012739329231727442,-0.010511717969007553,-0.007644637758312302
ENE,1780414924.389237,-0.02360452155913347,-0.02026397856135093,-0.022499775055929795,-0.016502579752824133,-0.010363345613592827,-0.013735452797179552,-0.011662737929265176,-0.02182114506110577,-0.01676561463453929,-0.014172090700827264,-0.00613374471561141,-0.0071806235448393825,-0.015382051156717003,-0.017901925323549873,-0.02053227414070148,-0.011241882118520919,-0.010826287005412053,-0.011804776765390818,-0.01506114860102614,-0.025524676195654142,-0.027213360136266563,-0.03166391033488545,-0.01611328812788678,-0.013603935356321973,-0.0131567760574062
ENZ,1780414924.7197797,0.020222333621651198,-0.02157916978052322,0.01559291970346437,-0.01073687195622321,0.003730046538110625,0.002299136781583417,-0.015476760524731493,0.018617820843188717,-0.01832805864252057,0.012725839492769118,-0.006091675945130207,-0.0002943871521313329,0.008101686272217683,-0.01646577167997832,0.01985408478724997,-0.02558256068022361,0.017907626662557782,-0.01222038868909345,0.00444550141637695,0.004198248627562522,-0.01971162212034558,0.023163063599225604,-0.023851791158538943,0.01692387620494635,-0.016413164703635286
ENN,1780414924.7197797,0.009215898159629496,-0.004803861035788567,0.0007619570613047765,-0.0030099631424928045,-0.008381135427114751,-0.00815492542883917,-0.019328647204100827,-0.0032466945360364492,-0.021264583933524952,-0.016808773037267955,-0.013989039105283065,-0.019233954646682823,-0.005156327777286337,-0.0189603983696996,-0.001984127103803678,-0.021190934166643076,-0.008628388215926458,-0.005608747773837503,-0.0019420415227287078,0.007211572360958882,-0.007881369151855947,0.016596656940557446,-0.0096226600688114,0.00546502074637076,-0.00702913613509937
ENE,1780414924.7197797,-0.023257315515268367,-0.02178958087529886,-0.022841720402159503,-0.016044899058640295,-0.014514036047056972,-0.01857529462073851,-0.016271109056915877,-0.014303608141684843,-0.01324094721955614,-0.00960054445661886,-0.007969728189984865,-0.014403561396738238,-0.018301738343755286,-0.016218502080572846,-0.015287358599299,-0.011005150724977274,-0.015366269063813548,-0.012004683275494884,-0.01957482717125612,-0.026461080374560658,-0.02605074595908446,-0.021600195760462855,-0.02240508249851179,-0.02083739460348889,-0.015681910921871742
ENZ,1780414924.9698052,0.006975896978477884,0.0019151058542760165,-0.009469043826355047,0.0150247643589618,-0.015350503781503861,0.011258104852799612,-0.007669885235421171,-0.00047325087169655336,0.008285810689418296,-0.016881366793087185,0.016944918995482474,-0.01717070516297386,0.012273419496217953,-0.0027932185284253587,-0.004266213866030258,0.010963505785277543,-0.020200867000333602,0.02096409198808904,-0.018396447711769775,0.015224670869063145,-0.005502477810091513,-0.0014359585387718637,0.006023710706667914,-0.018254408875641413,0.020816792454330726
ENN,1780414924.9698052,-0.004188359412575635,-0.011563857495868196,-0.018728927673788625,-0.008996637050327683,-0.024715601581626227,-0.019628506969255565,-0.016677255596410374,-0.020365004638058015,-0.010359157737613848,-0.020717471379555784,-0.0005953029283459967,-0.014241552591730164,-0.002794274539485284,0.0031976600659849867,-0.005924389631895696,0.01011547745509371,-0.009691049138057885,0.011604254885602065,-0.007823501477880244,0.0028767575102941235,0.0037079477365145755,-0.0008057308337181252,0.0068538449218257195,-0.014972789562897222,-0.004498740572998436
ENE,1780414924.9698052,-0.01455086093049655,-0.013041040709452074,-0.011652216533997114,-0.014519296744692364,-0.009753104688012566,-0.012146722111620527,-0.010452777473375436,-0.015350486970912817,-0.013866970238037133,-0.011610130952922144,-0.01623954487110897,-0.01359341396105391,-0.019553784380719995,-0.014882284881458197,-0.022184133197871603,-0.024446233180621984,-0.02438836550664356,-0.024319976437399794,-0.01948013461384084,-0.019816819262435156,-0.014403561396738238,-0.02599813898274143,-0.026198045492845497,-0.01815443880999425,-0.013204122336116562
ENZ,1780414925.2512474,-0.004303038749467115,0.0065550411677336275,-0.01399324379185581,0.017060654343433877,-0.01122085613857584,0.003651136073596077,-6.817715385302844e-05,-0.010026677775592276,0.015019503661326409,-0.019180291659279865,0.018033883405779973,-0.01608700145030631,0.008028036505338527,-0.0001891731994452686,-0.014151064720884907,0.026066968693363154,-0.029275570419506642,0.02513582521208931,-0.023594016974459172,0.007922822552652463,0.0067707297707411485,-0.01729696190619605,0.026966547988830095,-0.02491445208067037,0.020900963616475223
ENN,1780414925.2512474,-0.013394580272606258,-0.006555673348012081,-0.018381721629926247,-0.005656094052545143,-0.014110035150872583,-0.012936899578422423,-0.008054972173788496,-0.021017331144710525,-0.008344310543675173,-0.026783055751907935,-0.013115763297987642,-0.02229041997221408,-0.027919366440918518,-0.023758154612183585,-0.031601854784930765,-0.0017368743149892495,-0.009159718676992171,0.023940590838043098,0.01383479068254826,0.02429305757954087,0.022052000387329334,-0.01657204164372431,0.015360392996496192,-0.021895867649641337,-0.015383123978373416
ENE,1780414925.2512474,-0.019732648100285216,-0.022668117380226952,-0.010526427240254594,-0.013382986055681782,-0.0099004042217736,-0.01971160530974909,-0.013540806984710878,-0.015566175573917615,-0.014461429070713941,-0.008727268649323439,-0.01571347510767865,-0.012667531177418178,-0.013435593032024814,-0.009974053988652755,-0.0024249528834276455,0.0021097684773411798,-0.013488200008367847,-0.035530523096098304,-0.047540695795213084,-0.037850490752827114,-0.02378338527869869,-0.019648476938137996,-0.004992173328968157,-0.01671826835583165,-0.022583946218079735
ENZ,1780414925.5012963,-0.02280491232931369,0.01228920158912413,-0.002014635278545217,-0.008774631738624845,0.015193106683256236,-0.022468227680719374,0.016313635279366086,-0.015197943550110157,0.007449359765565174,0.0004210677261349928,-0.005470913624284606,0.013167738094049499,-0.015581974477417557,0.012894181817068999,-0.011510194508462517,0.003288147936830244,0.0006630598173140294,-0.008674678483574174,0.013541247626086116,-0.019827357468296985,0.013167738094049499,-0.01489808378495814,0.007223149767286869,0.00040528563323426073,-0.010452794283971925
ENN,1780414925.5012963,-0.0355684208011943,-0.028056144579408766,-0.03175441501632447,-0.035415860569800596,-0.0069186614847779136,-0.02498389716097678,-0.0068239689273626334,-0.015346299094933838,-0.011374472381034912,-0.009222847048603265,-0.012158316328545003,0.0035606482027535414,-0.008107579150131529,0.00039896892453622176,-0.004767036152348989,-0.0009793338556506755,0.006648677714088983,0.0013932407774211622,0.017711924839029183,-0.00044274269695229225,0.00793754863449327,-0.0038043284852709563,-0.008423221008189721,-0.011469164938450193,-0.02511541460183436
ENE,1780414925.5012963,-0.013682845820836521,0.0015836987139108583,0.005239883569751591,-0.0008204401049651655,-0.007354226566771933,-0.02248399296302634,-0.02678724362788691,-0.012220371878502405,-0.010642162588211442,-0.008390584000729121,-0.014377257908566723,-0.020732180650802824,-0.023499307606447403,-0.02308897319097121,-0.016444712078845708,-0.019196056941586832,-0.02301006272645666,-0.023020584121724724,-0.026434776886389143,-0.024772396433948237,-0.025550979683825657,-0.013214643731384623,-0.014798113719310979,-0.015361008366180878,-0.01575556068875362
ENZ,1780414925.823456,0.01819170433480907,-0.019538019098410308,0.012105077171923518,-0.005349917578697809,-0.003966354100872798,0.011868345778379872,-0.018012416784462377,0.020769446175617642,-0.016660417492449717,0.012194509031703405,-0.007385807563169886,-0.003277202710777988,0.011410665084193316,-0.01702866632685094,0.019322754326184258,-0.018475358176284325,0.013215084372762583,-0.008159130115414635,-0.001188705749962879,0.007249453255458386,-0.013598691469283069,0.019422707581240376,-0.01867526468638567,0.012941528095776639,-0.010347580331285862
ENN,1780414925.823456,0.005186203771752145,-0.010895748896312231,4.416601963480815e-06,-0.00014288293179755352,-0.011732199820165353,0.0068170200383861415,-0.011463904240817523,0.0024611623971825367,-0.012400308419724039,-0.004056841971718055,-0.00447243708482692,-0.008696777285172944,0.006133129345926723,-0.016987636756835896,-0.002289247566591087,-0.018792056045402444,-0.0005163924638314485,-0.005324670101586218,-0.014473023287638416,-0.0009214661816722515,-0.015635637464820516,0.0030977068109343145,-0.014020603291087251,-0.003257215931304511,-0.008465306589264691
ENE,1780414925.823456,-0.021337160878747694,-0.014661335580818008,-0.014803374416943649,-0.01962743414759915,-0.02659259781541824,-0.024882871084269693,-0.014682378371354131,-0.014908588369629714,-0.008590490510833187,-0.014503514651788911,-0.020711137860266703,-0.02097417274198186,-0.019464352520937384,-0.014345693722759813,-0.016344758823795037,-0.012530753038925205,-0.018812026014282154,-0.01609750603498333,-0.017949271602257514,-0.018259652762680316,-0.010805244214873208,-0.017865100440107574,-0.017807232766131872,-0.017023388818619062,-0.015697693014775197
ENZ,1780414926.0734434,-7.869854912381238e-05,0.008796098359947884,-0.015581974477417557,0.019207018978232855,-0.01929076630960132,0.020006645018643677,-0.013141010775096513,0.00025798609947050446,0.010074447885081389,-0.015845009359132717,0.012499629494496258,-0.023220507442422555,0.019122847816082915,-0.0103949266099935,0.003225019565216428,0.005697547453338937,-0.011468108927390268,0.018680949214802532,-0.020874236297522233,0.019548964324462563,-0.014103718442177266,0.005329298618937712,0.0044612835092776824,-0.011441805439218751,0.011573746710857804
ENN,1780414926.0734434,-0.01749266372972737,-0.006234770792318496,-0.025052286230223264,-0.004125231040964541,-0.017676788146927983,-0.009901477043430014,-0.017203325359840694,-0.01812920814347915,-0.0021577301257335066,-0.01700341884973935,0.002092913562781312,-0.014541412356884902,-0.002073558963586288,-0.009133415188820656,-0.014741318866988968,0.00047261869141809986,-0.020107230453978244,-0.006387331023714923,-0.01835015744411934,-0.0007373417644716391,-0.011868977958658326,-0.0034413403485051234,0.011704208140655458,-0.004693386385469832,0.009778792806499395
ENE,1780414926.0734434,-0.014813895812211712,-0.01142600653572153,-0.010889415377023148,-0.016381583707234613,-0.01254653513182866,-0.009153385157703088,-0.010915718865194664,-0.012062550949473309,-0.01623954487110897,-0.016165895104229815,-0.02296797714538169,-0.016044899058640295,-0.018306999041390676,-0.015560914876284944,-0.01754419788441671,-0.015040105810487293,-0.014477211163617394,-0.01896458624567858,-0.00934277027253637,-0.012057290251837917,-0.020690095069730578,-0.022589206915712406,-0.023199447841292666,-0.01902245391965428,-0.0239096420219236
ENZ,1780414926.3715937,0.001262779347623507,0.0067233834920280644,-0.01252024845425091,0.020343329667243438,-0.01950119421497345,0.018107533172664572,-0.015187422154844817,0.00652347698192672,0.010526867881632554,-0.014787609134636684,0.017086957831605392,-0.021210920946121994,0.0183179610780367,-0.011078817302452918,0.004287680487347854,0.0008103593510723418,-0.01269385147618074,0.016944918995482474,-0.021742251407182264,0.015708655051421216,-0.01623430098407007,0.004987353272708004,0.000857705629779982,-0.009758382196241724,0.01672396969483956
ENN,1780414926.3715937,-0.020101969756342854,-0.00928071472258169,-0.025625702272361228,-0.007407906364768657,-0.02850330387832454,-0.019881020455702662,-0.026230682500306097,-0.0271986508650168,-0.01869736348798444,-0.030223552004741146,-0.000742602462107031,-0.01752948861316967,0.007227354453862337,0.00537558888658815,0.004823215634986312,0.013335024407289455,-0.00023231479158016376,0.017501496933657056,-0.000290182465555866,0.009005470254257367,-0.0051037208009433056,-0.00823909659098911,-0.004304094760529762,-0.020727992774823848,-0.006066428468021338
ENE,1780414926.3715937,-0.012846394896983398,-0.011568045371847174,-0.006365215411522385,-0.010794722819605146,-0.010826287005412053,-0.011226100025617464,-0.009826754454894443,-0.003829559151788781,-0.005255208210683318,-0.00891139306652405,-0.016260587661645096,-0.01922762112739374,-0.021731713201320436,-0.020811091115317374,-0.02442519039008586,-0.026971368045087523,-0.022841720402159503,-0.02794459710743362,-0.02360978225676886,-0.02360978225676886,-0.021289814600040056,-0.018254392065047646,-0.015992292082297264,-0.010084528638974213,-0.012909523268594493
ENZ,1780414926.6215394,-0.01983787886356777,0.02205305639839198,-0.015792402382789686,0.009937669746588416,0.004035167000903478,-0.01395641890841351,0.01628207109355918,-0.024993362545184916,0.022389741046986298,-0.017833553064897156,0.007444099067929782,0.0009681802801014382,-0.012872715195751403,0.018270614799323615,-0.019701100725074795,0.019548964324462563,-0.012856933102845228,0.004056209791439601,-0.0009098887753415425,-0.010005634985056152,0.013662243671678356,-0.024567246036805268,0.02110087012658201,-0.018175498411126863,0.007081110931163949
ENN,1780414926.6215394,-0.030860096418492924,-0.020286094173543465,-0.0311494347883796,-0.02811927295101986,-0.01947068604022647,-0.03341679546876537,-0.008496870775068877,-0.022411416017800875,0.005017861447454987,-0.0010108980414575836,0.005275635631534756,0.011346480701522296,-0.0021892943115404146,0.014718587885109023,-0.004724950571274019,0.008042762587179335,-0.00611903544436437,-0.011679592843822322,-0.0038253712758098022,-0.022269377181675234,-0.013126284693255705,-0.028882074107993826,-0.009654224254615585,-0.025567834598382803,-0.01418368491775174
ENE,1780414926.6215394,-0.005486678906594293,-0.007348965869136541,-0.006733464245923609,-0.0046081424016634785,-0.008795657718569924,-0.00860101190610125,-0.011347096071206982,-0.013703888611375366,-0.018391170203537897,-0.018438516482248257,-0.0235624359780585,-0.02864953059042916,-0.029927880115565388,-0.028007725479044714,-0.020384974606940446,-0.016739311146367775,-0.016123809523154845,-0.018833068804821,-0.01562404324789604,-0.012436060481507204,-0.01212041862344901,-0.006396779597326571,-0.008148591909550085,-0.014556121628131942,-0.012525492341289813
ENZ,1780414926.9626398,0.016161075047972383,-0.018990906544443863,0.015219410171427753,-0.010905214280517647,-0.004702851769675247,0.008811880452848617,-0.01728644051093071,0.01749729224708431,-0.017912463529411702,0.013788500414900545,-0.00908501289905309,-0.001162402261791363,0.010674167415390866,-0.016628853306642807,0.014019971110808797,-0.023935962320688883,0.014751208081975855,-0.007380546865534494,-0.0061968898978162715,0.01056369276506941,-0.017307483301466833,0.020001384321013727,-0.021763294197723833,0.014456609014453788,-0.008816717319702537
ENN,1780414926.9626398,-0.004409308713215826,-0.010490675178471428,-0.0010108980414575836,-0.00015340432706561555,-0.008097057754863466,0.009231680252532948,-0.007350038690792955,0.0041498463377949565,-0.009112372398284531,-0.003909542437957021,-0.009222847048603265,-0.02039656882386492,-0.0054930124258833765,-0.023332038103803937,-0.007791937292073336,-0.019917845339142242,-0.012410829814992102,-0.01656678094609164,-0.02658314924180387,-0.00794449752346704,-0.025068068323124,-0.007328995900254109,-0.01401534259345458,-0.0015790533859601531,0.0014826726372037724
ENE,1780414926.9626398,-0.016034377663372235,-0.013798581168793369,-0.018180742298165766,-0.02308897319097121,-0.02174749529422389,-0.01862264089944887,-0.018996150431482766,-0.021473939017240668,-0.018475341365687837,-0.015908120920147324,-0.017086517190232877,-0.014692899766624915,-0.012841134199348007,-0.012073072344741372,-0.01681296091324693,-0.01220458978559895,-0.011410224442818077,-0.009853057943065959,-0.00972154050220838,-0.010221306777467184,-0.011378660257013892,-0.016386844404870007,-0.01493489185780123,-0.016655139984217835,-0.02097417274198186
ENZ,1780414927.2125814,-0.008843020807874054,0.014256702504352443,-0.016402643308364506,0.020295983388530354,-0.019732664910881704,0.012062991590845826,-0.006765045242324285,-0.007590974770906623,0.012699536004597603,-0.019958874909154566,0.019159672699525215,-0.018212323294569163,0.01012179416378903,-0.0029089538763767634,-0.005402524555040841,0.017881323174386267,-0.020900539785693752,0.018707252702974048,-0.015061165411617184,0.006581344655905144,0.0029146384047936268,-0.011410241253411843,0.016213682024315414,-0.019395980262287386,0.02058006106078708
ENN,1780414927.2125814,-0.008649431006465305,0.012398620228382938,-0.0015632712930594209,0.011435912561304907,-0.00113189408704438,0.0037289905270506997,0.004228756802309505,-0.01179532819177917,0.0012091163602205497,-0.01761892047295228,-0.010559064247717914,-0.025125935997102423,-0.020575432543430142,-0.019770545805381207,-0.03037611223613757,-0.015156913980097834,-0.03018672712130157,-0.010832620524701138,-0.018339636048851277,-0.013242020041212553,-0.0008425557171577033,-0.016282703273837632,0.00490212609950086,-0.010801056338894229,0.006911712595804143
ENE,1780414927.2125814,-0.021642281341537825,-0.024398886901914343,-0.019732648100285216,-0.024772396433948237,-0.02323101202709685,-0.021894794827984926,-0.024035898765145787,-0.021326639483479633,-0.018417473691709412,-0.008127549119013961,-0.012699095363222364,-0.008348498419654151,-0.008327455629118028,-0.011152450258738308,-0.008332716326750698,-0.011189275142177886,-0.007617261448487094,-0.009863579338334021,-0.013651281635032335,-0.01428782604878139,-0.01796505369516097,-0.016207980685302062,-0.019727387402652546,-0.015055887903390748,-0.019953597400928128
ENZ,1780414927.498279,-0.010679004282244785,0.0026568642207138583,0.006991679071378616,-0.014314146347549395,0.019480575255213354,-0.01977475049195395,0.018086490382123004,-0.010757914746759334,0.0015942032985824318,0.010963505785277543,-0.01751265050920357,0.02186893198119137,-0.01623956168170546,0.013094088327170343,-0.010121370333007557,2.1254705926859906e-05,0.010574214160340193,-0.015282114712260098,0.022226659420321808,-0.022389317216204827,0.019191236885326677,-0.005655038041485217,-0.001193966447598271,0.010074447885081389,-0.019222377240352116
ENN,1780414927.498279,-0.0004953496732953244,-0.0038569354616139885,0.005159900283580629,-0.015409427466544933,-0.001552749897788637,-0.02304269973391726,-0.014120556546140646,-0.02030187626644692,-0.027061872726526548,-0.011621725169846619,-0.03357987709542714,-0.008391656822382814,-0.016340570947816057,-0.010069819367727172,-0.004482958480097704,-0.006129556839632432,0.007632428171703139,-0.011989974004247844,0.008095369563522366,-0.006666147998333537,-0.0008425557171577033,-0.0017947419889676735,-0.007739330315730304,0.008232147702015339,-0.014588758635592542
ENE,1780414927.498279,-0.021726452503687765,-0.017260120212162704,-0.021763277387127345,-0.017523155093877866,-0.017686236720542356,-0.01120505723508134,-0.010358084915957435,-0.008101245630842444,-0.007348965869136541,-0.008969260740502475,-0.013682845820836521,-0.012920044663862556,-0.011099843282395277,-0.016197459290034,-0.019048757407825797,-0.01722855602635852,-0.01910136438416883,-0.020421799490380026,-0.017612586953663197,-0.017139124166575908,-0.018769940433209904,-0.02393068481245972,-0.021153036461547082,-0.01866472648052384,-0.016770875332174685
ENZ,1780414927.748361,0.02218457383924956,-0.020358687929362698,0.01638728504624524,-0.009379611966569714,-0.0041346964251726785,0.014519737386067603,-0.01983787886356777,0.020516932689173265,-0.017470564928131323,0.01497741808025416,-0.005123707580419505,-0.003566541080664665,0.012015645312138185,-0.0162869079604131,0.02267381871923758,-0.01688662749072258,0.018565213866845686,-0.0030246892243336117,-0.00228293085789577,0.016360981558073726,-0.016818238421478813,0.019517400138655654,-0.016602549818471292,0.009453685564235786,-0.0016253436536078681
ENN,1780414927.748361,0.0032029207636203785,-0.01353135841109923,-0.007202739157031921,-0.009954084019773045,-0.019539075109472955,-0.00525102033470434,-0.028650603412085574,-0.012331919350477553,-0.020096709058707463,-0.015493598628692151,-0.010716885176747012,-0.017087590011886568,0.001335373103442738,-0.014025863988722643,0.004870561913693953,-0.009059765421941498,0.0010933810122637014,0.0014353263584934103,-0.003693853834952222,0.010467944196594204,-0.010332854249442332,0.003366002390284867,-0.008496870775068877,-0.00928597542021436,-0.005561401495129863
ENE,1780414927.748361,-0.016476276264652614,-0.012651749084514724,-0.016318455335623518,-0.017907186021182544,-0.014671856976086068,-0.011957336996787244,-0.009837275850162506,-0.010315999334882465,-0.009463766318125889,-0.013114690476333951,-0.01878046182847797,-0.018559512527837777,-0.019090842988900767,-0.015176883948980266,-0.014429864884909754,-0.014098440933948108,-0.02265759598495889,-0.024467275971158105,-0.020390235304573116,-0.02182114506110577,-0.01804396415967552,-0.01796505369516097,-0.013924837912015557,-0.01748106951280562,-0.015560914876284944
ENZ,1780414928.0787776,0.017597245502134984,-0.01929602700723127,0.022431826628058545,-0.013572387981111553,0.008380503246833575,0.0009734409777368302,-0.00914288057302607,0.017570942013963465,-0.018791000034342517,0.020685275013473146,-0.01868052538402106,0.007259974650729169,0.002693689104156158,-0.007969745000578631,0.020001384321013727,-0.025293222310336934,0.022210877327421077,-0.013440870540253972,0.007044286047721649,0.0023359616650202733,-0.01274645845252377,0.01636624225570912,-0.022794390934042907,0.0204117187364872,-0.017002362838679425
ENN,1780414928.0787776,-0.0025785859364777634,-0.018618453023469893,0.0009355600832346051,-0.004193620110211027,-0.000742602462107031,0.006348817948934244,-0.003967410111935445,0.01223553860171845,-0.01236348353628174,0.0022717772823492542,-0.010622192619329009,-0.012705428882511447,-0.00442509080611928,-0.02242193741307166,-0.005119502893846759,-0.023279431127460906,-0.0041567952267687275,-0.011868977958658326,-0.011164044475662785,-0.0015369678048879048,-0.01610383955427241,0.0055807560943248865,-0.012016277492419361,0.002882018207926794,-0.00854421705377924
ENE,1780414928.0787776,-0.014335172327491753,-0.013314596986435296,-0.013230425824288078,-0.017191731142918942,-0.022157829709700084,-0.025493112009847232,-0.0218737520374488,-0.022552382032272826,-0.01979051577426364,-0.016739311146367775,-0.017575762070220897,-0.014687639068989523,-0.014387779303834784,-0.013809102564061431,-0.014998020229412323,-0.013756495587718399,-0.013819623959329492,-0.012756963037200789,-0.013624978146860818,-0.016418408590674193,-0.01763362974419932,-0.018906718571700155,-0.017607326256027806,-0.01875415834030645,-0.020463885071454996
ENZ,1780414928.3288689,0.008285810689418296,0.00039476423796347675,-0.010447533586336533,0.020027687809185245,-0.019648493748731764,0.016687144811402703,-0.013772294491212898,0.007528270230079722,0.0027831209639360465,-0.00952165080269808,0.018354785961473555,-0.017886160041240187,0.017334210620419822,-0.011105120790624435,0.0020045377140613485,0.010889856018398387,-0.013845944258097497,0.020653710827666236,-0.020179824209797477,0.02201097081731429,-0.012378209618122546,0.006681297910955816,0.008375242549203629,-0.015539888896339865,0.02252125848784388
ENN,1780414928.3288689,-0.006755579858116148,-0.0008793806006000034,-0.017518967217898886,6.754497357457499e-05,-0.01665621280587425,-0.00997512681030917,-0.014767622355160485,-0.01666673420114231,-0.00889668379527701,-0.023921236238848075,-0.0045460868517087985,-0.021190934166643076,-0.004393526620312372,-0.008481088682168146,-0.01097465936082678,0.0028872789055621856,-0.013652354456686026,0.004870561913693953,-0.004204141505479089,0.00811641235405849,0.0030977068109343145,-0.002320811752397995,0.006432989111081463,-0.019528553714204894,-0.00364650755624186
ENE,1780414928.3288689,-0.015339965575642033,-0.01905927880309658,-0.017596804860759745,-0.01597124929175842,-0.011052497003684915,-0.016165895104229815,-0.012046768856569854,-0.014124744422119624,-0.014503514651788911,-0.015634564643164102,-0.012741180944297334,-0.012283500250113499,-0.013098908383430497,-0.017133863468940518,-0.014035312562337013,-0.017339030676677254,-0.015639825340799492,-0.017196991840551613,-0.0194906560091089,-0.02657155502487939,-0.026371648514778048,-0.021179339949718597,-0.016434190683577644,-0.015203187437151782,-0.011999422577859492
ENZ,1780414928.6188605,0.009790370212830104,-0.011510194508462517,0.020559018270245515,-0.018990906544443863,0.021563811518398517,-0.008385340113687497,0.001225954464181207,0.009527335331114942,-0.013283049611224876,0.021079827336045888,-0.020111435140548268,0.020485368503366356,-0.011020949628474495,0.00444550141637695,0.008248985805975996,-0.014308885649914003,0.019896170368327665,-0.019795793282490075,0.019643656881877844,-0.013340917285203301,0.00583432559183191,0.0075966592993234865,-0.013614473562183801,0.0203748938530449,-0.021663340942667718
ENN,1780414928.6188605,-0.015840804672557253,-0.022506108575218876,0.006543463761402918,-0.00286266360873177,0.016196843920349313,0.01330872091911794,0.005922701440554595,0.017459411352582086,5.702357830651294e-05,0.010920364193142648,-0.008086536359595404,-0.007413167062404049,-0.01973372092194163,-0.03131777711267676,-0.025410013669353707,-0.045963559326578536,-0.028256051089512832,-0.03992953914003057,-0.02291118229305968,-0.020007277198924853,-0.013762829107007482,0.005691230744646342,-0.005645572657277081,0.017075380425277405,0.002645286814383149
ENE,1780414928.6188605,-0.007064888196885256,-0.013304075591167233,-0.020527013443066087,-0.023636085744940378,-0.025661454334147113,-0.025282684104475105,-0.02516694875652098,-0.022641813892055437,-0.026140177818867072,-0.022194654593139664,-0.01758102276785629,-0.013809102564061431,-0.00967945492113341,-0.0028878942752468724,-0.004666010075641902,-0.0015411556808668833,-0.0004837554563708487,-0.0015464163784995532,-0.006244219365932867,-0.014298347444052175,-0.016818221610882325,-0.017260120212162704,-0.02303636621462818,-0.024035898765145787,-0.024856567596098177
ENZ,1780414928.8688555,0.015066849940034049,-0.008606289414330408,0.0018730202732037684,0.01069521020592699,-0.01754421469501048,0.02491487591145184,-0.020926843273865268,0.018023362010514632,-0.0085747252285235,0.0015889426009524836,0.009011786962949962,-0.016523639353956746,0.023725958246098224,-0.020521769556027185,0.021995188724413556,-0.005234182230740961,0.003935213745847361,0.011084501830869783,-0.017659950042967328,0.02393112545383496,-0.022904865584364362,0.018517867588138046,-0.008974538248731633,0.0010944370233236266,0.011510618339243987
ENN,1780414928.8688555,0.01253539836687319,0.013187724873528421,0.013066728827938903,0.026776106862934163,0.002219170306006222,0.0156655134592836,-0.011816370982315293,-0.011143001685123938,-0.017061286523715052,-0.024100099958413296,-0.01513587118956171,-0.03880374984629077,-0.024231617399270877,-0.04339633888103803,-0.028098230160483736,-0.030070991773347443,-0.028960984572508376,-0.0071343500877854345,-0.023500380428103818,0.0024822051877213826,-0.009880434252891167,0.00898442746371852,0.01370327324169068,0.009657796760909877,0.02550301803543061
ENE,1780414928.8688555,-0.026539990839075205,-0.026855632697133397,-0.02863374849752843,-0.030359257321577706,-0.03352093659979503,-0.026445298281657204,-0.018017660671504,-0.010705290959822535,-0.010484341659182345,-0.00891139306652405,-0.007243751916450477,-0.006491472154744573,-0.004734399144888389,-0.0020882682348333285,-0.0005942301066923049,-0.007443658426554543,-0.007075409592153319,-0.013751234890083007,-0.011773212579586632,-0.01667618277475668,-0.019369659963519383,-0.01896984694331125,-0.025698279217586693,-0.02942285314267391,-0.031006323130597545
ENZ,1780414929.1918678,-0.02131087420117267,0.018254832706422884,-0.0067755666375896246,-0.0013149624931850675,0.014567083664775243,-0.02040603420807034,0.024288852892970846,-0.023641363253166812,0.016634537835059672,-0.007222725936505398,-0.004529248747745419,0.012178726938802674,-0.01876995724380095,0.0225054763949377,-0.015745056104076602,0.012615364842447662,-0.004276735261295598,-0.0018515536518861726,0.0117315676398869,-0.021132010481607448,0.025372556605632954,-0.02570355672581585,0.021116652219482744,-0.009027145225074666,-0.0004942936622326775
ENN,1780414929.1918678,-0.024710340883993556,-0.01731380001016215,-0.022453501598875845,-0.03188593245718205,-0.014499326775809932,-0.037104544510410294,-0.01590919374180374,-0.02579930529429378,-0.0168298158278068,-0.013699700735396388,-0.013368276784434741,0.008942341882646272,-0.00894403007398465,0.011819943488609585,0.00018328032153142317,0.003944679130058221,0.002192866817834706,-0.005214195451264762,0.004565441450903822,-0.0168298158278068,0.001756228914186995,-0.018118686748211085,-0.006055907072753276,-0.009869912857623104,-0.018250204189068666
ENE,1780414929.1918678,-0.007680389820098188,-0.005591892859280357,-0.008785136323301863,-0.007564654472144061,-0.005833884950456672,-0.005202601234340286,-0.007806646563320376,-0.008811439811473379,-0.012130940018717073,-0.016460494171749163,-0.016092245337347936,-0.017780929277960357,-0.017912446718817938,-0.019548523683084604,-0.02028502135188705,-0.026845111301865336,-0.022278825755289604,-0.020553316931237606,-0.016965521144643357,-0.014834938602750557,-0.015113755577369173,-0.016555186729167164,-0.014035312562337013,-0.012930566059133338,-0.013293554195899171
ENZ,1780422479.242715,0.5491913617851122,0.3246002493232414,0.2405929191676827,0.23408471548516466,0.11059789447277638,0.3747665503705706,0.4997882981122538,0.5533757980835516,0.43629520106605924,0.2334919225670116,0.26686211141744,0.44410992934465543,0.3579801550789532,0.1362419773665319,0.5587763375593781,0.533908227052634,0.5079906646390157,0.13801095692566537,0.3746413199609916,0.33851363521993993,0.3746711556372032,0.279958355517649,0.4757116905265314,0.19237279109066943,0.5989674936872608
ENN,1780422479.242715,-0.037610210535631405,0.08696519696392363,0.22075339411079448,0.05568732690242073,-0.12462013334065564,0.116178330366699,-0.16201302470787504,0.24361117002841343,-0.0428698265890744,-0.10259121111582592,0.24187635929601353,0.24093604236986832,0.23503598027725925,0.029547788433468725,-0.1391081081983459,0.010675141780279673,0.01686989245049264,-0.03575424016489709,-0.004689719111324042,0.2879386716853829,-0.05517566835226512,0.17555072614043654,-0.04761669717030803,0.2710550513869966,-0.06061316270682143
ENE,1780422479.242715,0.17310406726659483,0.49191509340273126,0.31218377653221446,0.3243296589600981,0.47677759235616074,0.32646665985195694,0.25642908350834104,0.3523930590915627,0.13487585428773652,0.09158167333364255,0.503271109906728,0.22869681068286501,0.26934752657169564,0.4582625378239386,0.5280277608508106,0.29128041665153653,0.32062192460195604,0.0946209529006762,0.28742667914958897,0.10230210993535412,0.4758481199146142,0.48437578409725723,0.23208440734734148,0.09475696826254505,0.16380603301569868
ENZ,1780422479.6258907,0.5074184320417073,0.5342596975761154,0.3022149017304063,0.45763468893529147,0.28023710738932606,0.30374572303926906,0.22175663905817447,0.553577542394504,0.13399798663083753,0.21642590992254482,0.25805563305604096,0.25484764292295436,0.18749670355647732,0.3727328760428138,0.3352648464344681,0.4401104511774824,0.3783522977754399,0.4807910532306914,0.34765920605448597,0.23796127682993837,0.5871268904126689,0.2595132154599732,0.1029301622232747,0.39310346203136126,0.37086148252301954
ENN,1780422479.6258907,-0.112089849122051,-0.1985249052287636,0.05526835424535809,-0.04558382116921539,-0.19840674214755105,-0.06792634071630588,0.12024476024756303,-0.04978432013667389,0.10499718760217508,0.06600606073619131,0.0032911312158900308,0.032019217388470134,0.28669155858573864,0.12626496041962504,-0.15610868549250573,0.257579504817373,0.24671220200643285,0.12997362977440902,-0.18508261536693332,0.1509216973616888,-0.019578717231127418,0.2831244361189551,0.2643833531616258,0.050061596839595324,0.11114162170481584
ENE,1780422479.6258907,0.26603674971501046,0.5467049610004526,0.46163930806347275,0.5132820542441078,0.32974375937835343,0.09246753746915078,0.33242713033373333,0.549847011935894,0.5481016894572174,0.34229807149220237,0.47200209201163984,0.3237498403304884,0.3421384585612204,0.1143130597167858,0.533396022646814,0.37967253685132857,0.20912217803390426,0.4546569427647535,0.36723530443637203,0.21550473766014638,0.2692091897425396,0.15630866835347673,0.08738778356064893,0.16646025829135574,0.2966627585082631
